,Genome ID,Genome Name,Species,Completion Date,GenBank Accession,Size,collection_date,country,Geographic Group,Host Name,Host Common Name,length,category_1,category_2,date
0,11053.10967,Dengue virus 1 SF729VI06,Dengue virus,2016-07-24T00:00:00Z,FJ502874,216,2005-01-01,Madagascar,Africa,Homo sapiens,Human,216,dengue virus type 1,Genotype IV,2005-01-01
1,11053.10981,Dengue virus 1 CNM664VI06,Dengue virus,2016-07-24T00:00:00Z,FJ502864,216,2006-01-01,Cameroon,Africa,Homo sapiens,Human,216,dengue virus type 1,Unassigned,2006-01-01
2,11053.10982,Dengue virus 1 CNM399VI07,Dengue virus,2016-07-24T00:00:00Z,FJ502863,216,2007-01-01,Nigeria,Africa,Homo sapiens,Human,216,dengue virus type 1,Genotype V,2007-01-01
3,11053.1102,Dengue virus 1 AO/DB136/2013,Dengue virus,2014-11-23T00:00:00Z,KM277614,1485,2013-01-01,Angola,Africa,Homo sapiens,Human,1485,dengue virus type 1,Unassigned,2013-01-01
4,11053.11023,Dengue virus 1 AO/DB135/2013,Dengue virus,2014-11-23T00:00:00Z,KM277613,1485,2013-01-01,Angola,Africa,Homo sapiens,Human,1485,dengue virus type 1,Unassigned,2013-01-01
5,11053.11413,Dengue virus 1 Reunion 281/04,Dengue virus,2008-12-01T00:00:00Z,EU282328,1485,2004-05-01,Reunion,Africa,,,1485,dengue virus type 1,Genotype IV,2004-05-01
6,11053.11988,Dengue virus 1 DENV-1/TAN/DAR-S3/2019,Dengue virus,2021-04-19T00:00:00Z,MT835386,482,2019-03-01,Tanzania,Africa,Homo sapiens,Human,482,dengue virus type 1,Unassigned,2019-03-01
7,11053.1199,Dengue virus 1 DENV-1/TAN/DAR-S2/2019,Dengue virus,2021-04-19T00:00:00Z,MT835385,482,2019-03-01,Tanzania,Africa,Homo sapiens,Human,482,dengue virus type 1,Unassigned,2019-03-01
8,11053.11991,Dengue virus 1 DENV-1/TAN/DAR-S1/2019,Dengue virus,2021-04-19T00:00:00Z,MT835384,482,2019-03-01,Tanzania,Africa,Homo sapiens,Human,482,dengue virus type 1,Unassigned,2019-03-01
9,11053.1255,Dengue virus 1 D1/H/IMTSSA/98/606,Dengue virus,2001-06-08T00:00:00Z,AF298808,10721,,Djibouti,Africa,,,10721,dengue virus type 1,Genotype I,
10,11053.13253,Dengue virus 1 KAJP2_DENV1_Gambia_Western.Africa_2010,Dengue virus,2021-11-18T00:00:00Z,MZ857203,10179,2010-01-01,Gambia,Africa,Homo sapiens,Human,10179,dengue virus type 1,Genotype I,2010-01-01
11,11053.13254,Dengue virus 1 KAJP5_DENV1_Angola_Central.Africa_2013,Dengue virus,2021-11-18T00:00:00Z,MZ857205,10179,2013-01-01,Angola,Africa,Homo sapiens,Human,10179,dengue virus type 1,Unassigned,2013-01-01
12,11053.13255,Dengue virus 1 KAJP7_DENV1_Kenya_Eastern.Africa_2013,Dengue virus,2021-11-18T00:00:00Z,MZ857206,10179,2013-01-01,Kenya,Africa,Homo sapiens,Human,10179,dengue virus type 1,Genotype I,2013-01-01
13,11053.13256,Dengue virus 1 KAJP17_DENV1_Eritrea_Eastern.Africa_2015,Dengue virus,2021-11-18T00:00:00Z,MZ857216,10179,2015-01-01,Eritrea,Africa,Homo sapiens,Human,10179,dengue virus type 1,Unassigned,2015-01-01
14,11053.13301,Dengue virus 1 KAJP18_DENV1_Kenya_Eastern.Africa_2016,Dengue virus,2021-11-18T00:00:00Z,OK040059,10161,2016-01-01,Kenya,Africa,Homo sapiens,Human,10161,dengue virus type 1,Unassigned,2016-01-01
15,11053.13302,Dengue virus 1 KAJP4_DENV1_Somalia_Eastern.Africa_2011,Dengue virus,2021-11-18T00:00:00Z,OK040060,10173,2011-01-01,Somalia,Africa,Homo sapiens,Human,10173,dengue virus type 1,Genotype I,2011-01-01
16,11053.13305,Dengue virus 1 Dengue_Douala_isolate_BN21,Dengue virus,2021-10-04T00:00:00Z,MW979757,957,2020-07-23,Cameroon,Africa,Human,Human,957,dengue virus type 1,Unassigned,2020-07-23
17,11053.13361,Dengue virus 1 DENV1-5_RIO_H_36589,Dengue virus,2022-01-04T00:00:00Z,OL452067,10705,1988-01-01,Angola,Africa,Homo sapiens,Human,10705,dengue virus type 1,Genotype V,1988-01-01
19,11053.13731,Dengue virus 1 PREDICT_CMAH80161,Dengue virus,2022-05-29T00:00:00Z,MT125053,232,2018-05-30,Cameroon,Africa,Homo sapiens,Human,232,dengue virus type 1,Unassigned,2018-05-30
20,11053.13732,Dengue virus 1 PREDICT_CMAH81157,Dengue virus,2022-05-29T00:00:00Z,MT125054,232,2018-08-20,Cameroon,Africa,Homo sapiens,Human,232,dengue virus type 1,Unassigned,2018-08-20
21,11053.13855,dengue virus type I SYMAV-H0408,Dengue virus,2022-08-26T00:00:00Z,LC707378,1485,2021-03-10,Gabon,Africa,Homo sapiens,Human,1485,dengue virus type 1,Unassigned,2021-03-10
22,11053.13856,dengue virus type I SYMAV-H0983,Dengue virus,2022-08-26T00:00:00Z,LC707382,10670,2021-06-30,Gabon,Africa,Homo sapiens,Human,10670,dengue virus type 1,Unassigned,2021-06-30
23,11053.14228,dengue virus type I DS16177,Dengue virus,2022-11-28T00:00:00Z,ON631270,4699,2016-04-01,Seychelles,Africa,Homo sapiens,Human,4699,dengue virus type 1,Unassigned,2016-04-01
24,11053.14229,dengue virus type I DS16229,Dengue virus,2022-11-28T00:00:00Z,ON631271,4698,2016-04-01,Seychelles,Africa,Homo sapiens,Human,4698,dengue virus type 1,Unassigned,2016-04-01
25,11053.1423,dengue virus type I DS16232,Dengue virus,2022-11-28T00:00:00Z,ON631272,4699,2016-04-01,Seychelles,Africa,Homo sapiens,Human,4699,dengue virus type 1,Unassigned,2016-04-01
26,11053.14231,dengue virus type I DS16233,Dengue virus,2022-11-28T00:00:00Z,ON631273,4699,2016-04-01,Seychelles,Africa,Homo sapiens,Human,4699,dengue virus type 1,Unassigned,2016-04-01
27,11053.14232,dengue virus type I PR1914,Dengue virus,2022-11-28T00:00:00Z,ON631274,10004,2019-04-01,Reunion,Africa,Homo sapiens,Human,10004,dengue virus type 1,Genotype I,2019-04-01
28,11053.14233,dengue virus type I PR1615,Dengue virus,2022-11-28T00:00:00Z,ON631275,10004,2019-04-01,Reunion,Africa,Homo sapiens,Human,10004,dengue virus type 1,Genotype I,2019-04-01
29,11053.14234,dengue virus type I PO409,Dengue virus,2022-11-28T00:00:00Z,ON631276,10549,2020-02-01,Reunion,Africa,Homo sapiens,Human,10549,dengue virus type 1,Genotype I,2020-02-01
30,11053.14235,dengue virus type I PR1583,Dengue virus,2022-11-28T00:00:00Z,ON631277,10516,2019-04-01,Reunion,Africa,Homo sapiens,Human,10516,dengue virus type 1,Genotype I,2019-04-01
31,11053.14236,dengue virus type I PR6594,Dengue virus,2022-11-28T00:00:00Z,ON631278,10693,2021-01-01,Reunion,Africa,Homo sapiens,Human,10693,dengue virus type 1,Genotype I,2021-01-01
32,11053.14237,dengue virus type I RUN1-6594,Dengue virus,2022-11-28T00:00:00Z,ON631279,10708,2021-01-01,Reunion,Africa,Homo sapiens,Human,10708,dengue virus type 1,Genotype I,2021-01-01
33,11053.14238,dengue virus type I PR4483,Dengue virus,2022-11-28T00:00:00Z,ON631280,10690,2020-01-01,Reunion,Africa,Homo sapiens,Human,10690,dengue virus type 1,Genotype I,2020-01-01
34,11053.14239,dengue virus type I PR4463,Dengue virus,2022-11-28T00:00:00Z,ON631281,10668,2020-01-01,Reunion,Africa,Homo sapiens,Human,10668,dengue virus type 1,Genotype I,2020-01-01
35,11053.1424,dengue virus type I PR4453,Dengue virus,2022-11-28T00:00:00Z,ON631282,10678,2020-01-01,Reunion,Africa,Homo sapiens,Human,10678,dengue virus type 1,Genotype I,2020-01-01
36,11053.14241,dengue virus type I PR4443,Dengue virus,2022-11-28T00:00:00Z,ON631283,10688,2020-01-01,Reunion,Africa,Homo sapiens,Human,10688,dengue virus type 1,Genotype I,2020-01-01
37,11053.14518,dengue virus type I 17V-05661,Dengue virus,2023-03-14T00:00:00Z,OQ593389,10709,2017-06-21,Cameroon,Africa,Homo sapiens,Human,10709,dengue virus type 1,Unassigned,2017-06-21
38,11053.14519,dengue virus type I 17V-05703,Dengue virus,2023-03-14T00:00:00Z,OQ593388,10697,2017-06-24,Cameroon,Africa,Homo sapiens,Human,10697,dengue virus type 1,Unassigned,2017-06-24
39,11053.1452,dengue virus type I 17V-05705,Dengue virus,2023-03-14T00:00:00Z,OQ593390,10702,2017-06-25,Cameroon,Africa,Homo sapiens,Human,10702,dengue virus type 1,Unassigned,2017-06-25
40,11053.14521,dengue virus type I 18V-03504,Dengue virus,2023-03-14T00:00:00Z,OQ593393,10697,2018-06-30,Cameroon,Africa,Homo sapiens,Human,10697,dengue virus type 1,Unassigned,2018-06-30
41,11053.14522,dengue virus type I LT93,Dengue virus,2023-03-14T00:00:00Z,OQ593392,10722,2017-04-13,Cameroon,Africa,Homo sapiens,Human,10722,dengue virus type 1,Unassigned,2017-04-13
42,11053.14523,dengue virus type I LT81,Dengue virus,2023-03-14T00:00:00Z,OQ593391,10676,2017-04-11,Cameroon,Africa,Homo sapiens,Human,10676,dengue virus type 1,Unassigned,2017-04-11
43,11053.14631,dengue virus type I 415,Dengue virus,2023-05-01T00:00:00Z,MZ130530,9869,2016-06-17,Democratic Republic of the Congo,Africa,Homo sapiens,Human,9869,dengue virus type 1,Unassigned,2016-06-17
44,11053.14632,dengue virus type I 15060281,Dengue virus,2023-05-01T00:00:00Z,MZ130531,10596,2015-05-29,Democratic Republic of the Congo,Africa,Homo sapiens,Human,10596,dengue virus type 1,Unassigned,2015-05-29
45,11053.14633,dengue virus type I 314,Dengue virus,2023-05-01T00:00:00Z,MZ130532,10595,2016-04-06,Democratic Republic of the Congo,Africa,Homo sapiens,Human,10595,dengue virus type 1,Unassigned,2016-04-06
46,11053.14634,dengue virus type I 369,Dengue virus,2023-05-01T00:00:00Z,MZ130535,10595,2016-05-09,Democratic Republic of the Congo,Africa,Homo sapiens,Human,10595,dengue virus type 1,Unassigned,2016-05-09
47,11053.14635,dengue virus type I 19053724,Dengue virus,2023-05-01T00:00:00Z,MZ130534,10596,2019-05-28,Democratic Republic of the Congo,Africa,Homo sapiens,Human,10596,dengue virus type 1,Unassigned,2019-05-28
48,11053.14636,dengue virus type I 408,Dengue virus,2023-05-01T00:00:00Z,MZ130533,10595,2016-06-17,Democratic Republic of the Congo,Africa,Homo sapiens,Human,10595,dengue virus type 1,Unassigned,2016-06-17
49,11053.14637,dengue virus type I 395,Dengue virus,2023-05-01T00:00:00Z,MZ130537,10595,2016-06-14,Democratic Republic of the Congo,Africa,Homo sapiens,Human,10595,dengue virus type 1,Unassigned,2016-06-14
50,11053.14638,dengue virus type I 200,Dengue virus,2023-05-01T00:00:00Z,MZ130536,10595,2016-01-07,Democratic Republic of the Congo,Africa,Homo sapiens,Human,10595,dengue virus type 1,Unassigned,2016-01-07
51,11053.14639,dengue virus type I 397,Dengue virus,2023-05-01T00:00:00Z,MZ130538,10595,2016-06-14,Democratic Republic of the Congo,Africa,Homo sapiens,Human,10595,dengue virus type 1,Unassigned,2016-06-14
52,11053.1464,dengue virus type I 433,Dengue virus,2023-05-01T00:00:00Z,MZ130540,10595,2016-06-23,Democratic Republic of the Congo,Africa,Homo sapiens,Human,10595,dengue virus type 1,Unassigned,2016-06-23
53,11053.14641,dengue virus type I 412,Dengue virus,2023-05-01T00:00:00Z,MZ130539,10595,2016-06-20,Democratic Republic of the Congo,Africa,Homo sapiens,Human,10595,dengue virus type 1,Unassigned,2016-06-20
54,11053.14642,dengue virus type I 16072657,Dengue virus,2023-05-01T00:00:00Z,MZ130543,10575,2016-07-25,Seychelles,Africa,Homo sapiens,Human,10575,dengue virus type 1,Unassigned,2016-07-25
55,11053.14643,dengue virus type I 417,Dengue virus,2023-05-01T00:00:00Z,MZ130542,10595,2016-06-20,Democratic Republic of the Congo,Africa,Homo sapiens,Human,10595,dengue virus type 1,Unassigned,2016-06-20
56,11053.14644,dengue virus type I 260,Dengue virus,2023-05-01T00:00:00Z,MZ130541,10595,2016-02-26,Democratic Republic of the Congo,Africa,Homo sapiens,Human,10595,dengue virus type 1,Unassigned,2016-02-26
57,11053.14646,dengue virus type I 20010742,Dengue virus,2023-05-01T00:00:00Z,MZ130546,10575,2020-01-08,Tanzania,Africa,Homo sapiens,Human,10575,dengue virus type 1,Unassigned,2020-01-08
58,11053.14647,dengue virus type I 20011392,Dengue virus,2023-05-01T00:00:00Z,MZ130545,10575,2020-01-12,Djibouti,Africa,Homo sapiens,Human,10575,dengue virus type 1,Unassigned,2020-01-12
59,11053.14648,dengue virus type I 20020472,Dengue virus,2023-05-01T00:00:00Z,MZ130547,10575,2020-01-31,Tanzania,Africa,Homo sapiens,Human,10575,dengue virus type 1,Unassigned,2020-01-31
60,11053.14652,dengue virus type I D1/TAN/739/DAR/2019,Dengue virus,2023-04-19T00:00:00Z,OM920075,1485,2019-06-18,Tanzania,Africa,Homo sapiens,Human,1485,dengue virus type 1,Unassigned,2019-06-18
61,11053.14653,dengue virus type I D1/TAN/738/DAR/2019,Dengue virus,2023-04-19T00:00:00Z,OM920076,1485,2019-01-07,Tanzania,Africa,Homo sapiens,Human,1485,dengue virus type 1,Unassigned,2019-01-07
62,11053.14654,dengue virus type I D1/TAN/733/DAR/2019,Dengue virus,2023-04-19T00:00:00Z,OM920077,1485,2019-06-19,Tanzania,Africa,Homo sapiens,Human,1485,dengue virus type 1,Unassigned,2019-06-19
63,11053.14655,dengue virus type I D1/TAN/732/DAR/2019,Dengue virus,2023-04-19T00:00:00Z,OM920079,1485,2019-06-21,Tanzania,Africa,Homo sapiens,Human,1485,dengue virus type 1,Unassigned,2019-06-21
64,11053.14656,dengue virus type I D1/TAN/737/DAR/2019,Dengue virus,2023-04-19T00:00:00Z,OM920078,1485,2019-01-07,Tanzania,Africa,Homo sapiens,Human,1485,dengue virus type 1,Unassigned,2019-01-07
65,11053.14657,dengue virus type I D1/TAN/735/DAR/2019,Dengue virus,2023-04-19T00:00:00Z,OM920081,1485,2019-06-28,Tanzania,Africa,Homo sapiens,Human,1485,dengue virus type 1,Unassigned,2019-06-28
66,11053.14658,dengue virus type I D1/TAN/731/DAR/2019,Dengue virus,2023-04-19T00:00:00Z,OM920080,1485,2019-06-21,Tanzania,Africa,Homo sapiens,Human,1485,dengue virus type 1,Unassigned,2019-06-21
67,11053.14659,dengue virus type I D1/TAN/729/DAR/2019,Dengue virus,2023-04-19T00:00:00Z,OM920083,1485,2019-04-13,Tanzania,Africa,Homo sapiens,Human,1485,dengue virus type 1,Unassigned,2019-04-13
68,11053.1466,dengue virus type I D1/TAN/730/DAR/2019,Dengue virus,2023-04-19T00:00:00Z,OM920082,1485,2019-04-12,Tanzania,Africa,Homo sapiens,Human,1485,dengue virus type 1,Unassigned,2019-04-12
69,11053.14661,dengue virus type I D1/TAN/725/DAR/2019,Dengue virus,2023-04-19T00:00:00Z,OM920085,1485,2019-04-15,Tanzania,Africa,Homo sapiens,Human,1485,dengue virus type 1,Unassigned,2019-04-15
70,11053.14662,dengue virus type I D1/TAN/728/DAR/2019,Dengue virus,2023-04-19T00:00:00Z,OM920084,1485,2019-04-13,Tanzania,Africa,Homo sapiens,Human,1485,dengue virus type 1,Unassigned,2019-04-13
71,11053.14663,dengue virus type I D1/TAN/717/DAR/2019,Dengue virus,2023-04-19T00:00:00Z,OM920087,1485,2019-12-05,Tanzania,Africa,Homo sapiens,Human,1485,dengue virus type 1,Unassigned,2019-12-05
72,11053.14664,dengue virus type I D1/TAN/718/DAR/2019,Dengue virus,2023-04-19T00:00:00Z,OM920086,1485,2019-04-13,Tanzania,Africa,Homo sapiens,Human,1485,dengue virus type 1,Unassigned,2019-04-13
73,11053.14665,dengue virus type I D1/TAN/714/DAR/2019,Dengue virus,2023-04-19T00:00:00Z,OM920090,1485,2019-04-13,Tanzania,Africa,Homo sapiens,Human,1485,dengue virus type 1,Unassigned,2019-04-13
74,11053.14666,dengue virus type I D1/TAN/715/DAR/2019,Dengue virus,2023-04-19T00:00:00Z,OM920089,1485,2019-04-15,Tanzania,Africa,Homo sapiens,Human,1485,dengue virus type 1,Unassigned,2019-04-15
75,11053.14667,dengue virus type I D1/TAN/716/DAR/2019,Dengue virus,2023-04-19T00:00:00Z,OM920088,1485,2019-04-14,Tanzania,Africa,Homo sapiens,Human,1485,dengue virus type 1,Unassigned,2019-04-14
76,11053.14668,dengue virus type I D1/TAN/713/DAR/2019,Dengue virus,2023-04-19T00:00:00Z,OM920091,1485,2019-04-14,Tanzania,Africa,Homo sapiens,Human,1485,dengue virus type 1,Unassigned,2019-04-14
77,11053.14669,dengue virus type I D1/TAN/712/DAR/2019,Dengue virus,2023-04-19T00:00:00Z,OM920092,1485,2019-04-15,Tanzania,Africa,Homo sapiens,Human,1485,dengue virus type 1,Unassigned,2019-04-15
78,11053.1467,dengue virus type I D1/TAN/710/DAR/2019,Dengue virus,2023-04-19T00:00:00Z,OM920093,1485,2019-04-14,Tanzania,Africa,Homo sapiens,Human,1485,dengue virus type 1,Unassigned,2019-04-14
79,11053.14671,dengue virus type I D1/TAN/709/DAR/2019,Dengue virus,2023-04-19T00:00:00Z,OM920094,1485,2019-04-15,Tanzania,Africa,Homo sapiens,Human,1485,dengue virus type 1,Unassigned,2019-04-15
80,11053.14672,dengue virus type I D1/TAN/707/DAR/2019,Dengue virus,2023-04-19T00:00:00Z,OM920096,1485,2019-11-06,Tanzania,Africa,Homo sapiens,Human,1485,dengue virus type 1,Unassigned,2019-11-06
81,11053.14673,dengue virus type I D1/TAN/708/DAR/2019,Dengue virus,2023-04-19T00:00:00Z,OM920095,1485,2019-10-06,Tanzania,Africa,Homo sapiens,Human,1485,dengue virus type 1,Unassigned,2019-10-06
82,11053.14674,dengue virus type I D1/TAN/705/DAR/2019,Dengue virus,2023-04-19T00:00:00Z,OM920098,1485,2019-05-06,Tanzania,Africa,Homo sapiens,Human,1485,dengue virus type 1,Unassigned,2019-05-06
83,11053.14675,dengue virus type I D1/TAN/706/DAR/2019,Dengue virus,2023-04-19T00:00:00Z,OM920097,1485,2019-11-06,Tanzania,Africa,Homo sapiens,Human,1485,dengue virus type 1,Unassigned,2019-11-06
84,11053.14676,dengue virus type I D1/TAN/703/KIL/2019,Dengue virus,2023-04-19T00:00:00Z,OM920099,1485,2019-05-23,Tanzania,Africa,Homo sapiens,Human,1485,dengue virus type 1,Unassigned,2019-05-23
85,11053.14677,dengue virus type I D1/TAN/701/KIL/2019,Dengue virus,2023-04-19T00:00:00Z,OM920100,1485,2019-05-24,Tanzania,Africa,Homo sapiens,Human,1485,dengue virus type 1,Unassigned,2019-05-24
86,11053.14678,dengue virus type I D1/TAN/697/DAR/2019,Dengue virus,2023-04-19T00:00:00Z,OM920101,1485,2019-06-24,Tanzania,Africa,Homo sapiens,Human,1485,dengue virus type 1,Unassigned,2019-06-24
87,11053.14679,dengue virus type I D1/TAN/688/DAR/2019,Dengue virus,2023-04-19T00:00:00Z,OM920102,1485,2019-06-17,Tanzania,Africa,Homo sapiens,Human,1485,dengue virus type 1,Unassigned,2019-06-17
88,11053.1468,dengue virus type I D1/TAN/687/DAR/2019,Dengue virus,2023-04-19T00:00:00Z,OM920103,1485,2019-10-06,Tanzania,Africa,Homo sapiens,Human,1485,dengue virus type 1,Unassigned,2019-10-06
89,11053.14681,dengue virus type I D1/TAN/686/DAR/2019,Dengue virus,2023-04-19T00:00:00Z,OM920104,1485,2019-03-06,Tanzania,Africa,Homo sapiens,Human,1485,dengue virus type 1,Unassigned,2019-03-06
90,11053.14682,dengue virus type I D1/TAN/685/DAR/2019,Dengue virus,2023-04-19T00:00:00Z,OM920105,1485,2019-03-05,Tanzania,Africa,Homo sapiens,Human,1485,dengue virus type 1,Unassigned,2019-03-05
91,11053.14683,dengue virus type I D1/TAN/683/DAR/2019,Dengue virus,2023-04-19T00:00:00Z,OM920106,1485,2019-03-05,Tanzania,Africa,Homo sapiens,Human,1485,dengue virus type 1,Unassigned,2019-03-05
92,11053.14684,dengue virus type I D1/TAN/682/DAR/2019,Dengue virus,2023-04-19T00:00:00Z,OM920107,1485,2019-03-05,Tanzania,Africa,Homo sapiens,Human,1485,dengue virus type 1,Unassigned,2019-03-05
93,11053.14685,dengue virus type I D1/TAN/674/DAR/2019,Dengue virus,2023-04-19T00:00:00Z,OM920108,1485,2019-03-05,Tanzania,Africa,Homo sapiens,Human,1485,dengue virus type 1,Unassigned,2019-03-05
94,11053.14686,dengue virus type I D1/TAN/671/DAR/2019,Dengue virus,2023-04-19T00:00:00Z,OM920109,1485,2019-03-05,Tanzania,Africa,Homo sapiens,Human,1485,dengue virus type 1,Unassigned,2019-03-05
95,11053.14687,dengue virus type I D1/TAN/670/DAR/2019,Dengue virus,2023-04-19T00:00:00Z,OM920110,1485,2019-03-05,Tanzania,Africa,Homo sapiens,Human,1485,dengue virus type 1,Unassigned,2019-03-05
96,11053.14688,dengue virus type I D1/TAN/665/DAR/2019,Dengue virus,2023-04-19T00:00:00Z,OM920111,1485,2019-03-05,Tanzania,Africa,Homo sapiens,Human,1485,dengue virus type 1,Unassigned,2019-03-05
97,11053.14689,dengue virus type I D1/TAN/659/DAR/2019,Dengue virus,2023-04-19T00:00:00Z,OM920112,1485,2019-03-05,Tanzania,Africa,Homo sapiens,Human,1485,dengue virus type 1,Unassigned,2019-03-05
98,11053.1469,dengue virus type I D1/TAN/656/DAR/2019,Dengue virus,2023-04-19T00:00:00Z,OM920113,1485,2019-06-25,Tanzania,Africa,Homo sapiens,Human,1485,dengue virus type 1,Unassigned,2019-06-25
99,11053.14691,dengue virus type I D1/TAN/654/DAR/2019,Dengue virus,2023-04-19T00:00:00Z,OM920114,1485,2019-06-25,Tanzania,Africa,Homo sapiens,Human,1485,dengue virus type 1,Unassigned,2019-06-25
100,11053.14692,dengue virus type I D1/TAN/653/DAR/2019,Dengue virus,2023-04-19T00:00:00Z,OM920115,1485,2019-06-25,Tanzania,Africa,Homo sapiens,Human,1485,dengue virus type 1,Unassigned,2019-06-25
101,11053.14693,dengue virus type I D1/TAN/646/DAR/2019,Dengue virus,2023-04-19T00:00:00Z,OM920117,1485,2019-06-18,Tanzania,Africa,Homo sapiens,Human,1485,dengue virus type 1,Unassigned,2019-06-18
102,11053.14694,dengue virus type I D1/TAN/647/DAR/2019,Dengue virus,2023-04-19T00:00:00Z,OM920116,1485,2019-06-18,Tanzania,Africa,Homo sapiens,Human,1485,dengue virus type 1,Unassigned,2019-06-18
103,11053.14695,dengue virus type I D1/TAN/644/DAR/2019,Dengue virus,2023-04-19T00:00:00Z,OM920119,1485,2019-05-06,Tanzania,Africa,Homo sapiens,Human,1485,dengue virus type 1,Unassigned,2019-05-06
104,11053.14696,dengue virus type I D1/TAN/645/DAR/2019,Dengue virus,2023-04-19T00:00:00Z,OM920118,1485,2019-06-18,Tanzania,Africa,Homo sapiens,Human,1485,dengue virus type 1,Unassigned,2019-06-18
105,11053.14697,dengue virus type I D1/TAN/639/DAR/2019,Dengue virus,2023-04-19T00:00:00Z,OM920120,1485,2019-05-06,Tanzania,Africa,Homo sapiens,Human,1485,dengue virus type 1,Unassigned,2019-05-06
106,11053.14698,dengue virus type I D1/TAN/637/DAR/2019,Dengue virus,2023-04-19T00:00:00Z,OM920121,1485,2019-05-06,Tanzania,Africa,Homo sapiens,Human,1485,dengue virus type 1,Unassigned,2019-05-06
107,11053.14699,dengue virus type I D1/TAN/630/DAR/2019,Dengue virus,2023-04-19T00:00:00Z,OM920123,1485,2019-05-06,Tanzania,Africa,Homo sapiens,Human,1485,dengue virus type 1,Unassigned,2019-05-06
108,11053.147,dengue virus type I D1/TAN/634/DAR/2019,Dengue virus,2023-04-19T00:00:00Z,OM920122,1485,2019-05-06,Tanzania,Africa,Homo sapiens,Human,1485,dengue virus type 1,Unassigned,2019-05-06
109,11053.14701,dengue virus type I D1/TAN/585/DAR/2019,Dengue virus,2023-04-19T00:00:00Z,OM920125,1485,2019-04-14,Tanzania,Africa,Homo sapiens,Human,1485,dengue virus type 1,Unassigned,2019-04-14
110,11053.14702,dengue virus type I D1/TAN/586/DAR/2019,Dengue virus,2023-04-19T00:00:00Z,OM920124,1485,2019-04-14,Tanzania,Africa,Homo sapiens,Human,1485,dengue virus type 1,Unassigned,2019-04-14
111,11053.14703,dengue virus type I D1/TAN/572/DAR/2019,Dengue virus,2023-04-19T00:00:00Z,OM920128,1485,2019-11-04,Tanzania,Africa,Homo sapiens,Human,1485,dengue virus type 1,Unassigned,2019-11-04
112,11053.14704,dengue virus type I D1/TAN/579/DAR/2019,Dengue virus,2023-04-19T00:00:00Z,OM920126,1485,2019-04-14,Tanzania,Africa,Homo sapiens,Human,1485,dengue virus type 1,Unassigned,2019-04-14
113,11053.14705,dengue virus type I D1/TAN/574/DAR/2019,Dengue virus,2023-04-19T00:00:00Z,OM920127,1485,2019-04-14,Tanzania,Africa,Homo sapiens,Human,1485,dengue virus type 1,Unassigned,2019-04-14
114,11053.14706,dengue virus type I D1/TAN/569/DAR/2019,Dengue virus,2023-04-19T00:00:00Z,OM920129,1485,2019-11-04,Tanzania,Africa,Homo sapiens,Human,1485,dengue virus type 1,Unassigned,2019-11-04
115,11053.14707,dengue virus type I D1/TAN/543/DAR/2019,Dengue virus,2023-04-19T00:00:00Z,OM920131,1485,2019-08-05,Tanzania,Africa,Homo sapiens,Human,1485,dengue virus type 1,Unassigned,2019-08-05
116,11053.14708,dengue virus type I D1/TAN/547/DAR/2019,Dengue virus,2023-04-19T00:00:00Z,OM920130,1485,2019-08-05,Tanzania,Africa,Homo sapiens,Human,1485,dengue virus type 1,Unassigned,2019-08-05
117,11053.14709,dengue virus type I D1/TAN/539/DAR/2019,Dengue virus,2023-04-19T00:00:00Z,OM920132,1485,2019-08-05,Tanzania,Africa,Homo sapiens,Human,1485,dengue virus type 1,Unassigned,2019-08-05
118,11053.1471,dengue virus type I D1/TAN/537/DAR/2019,Dengue virus,2023-04-19T00:00:00Z,OM920133,1485,2019-08-05,Tanzania,Africa,Homo sapiens,Human,1485,dengue virus type 1,Unassigned,2019-08-05
119,11053.14711,dengue virus type I D1/TAN/502/DAR/2019,Dengue virus,2023-04-19T00:00:00Z,OM920135,1485,2019-02-05,Tanzania,Africa,Homo sapiens,Human,1485,dengue virus type 1,Unassigned,2019-02-05
120,11053.14712,dengue virus type I D1/TAN/506/DAR/2019,Dengue virus,2023-04-19T00:00:00Z,OM920134,1485,2019-08-05,Tanzania,Africa,Homo sapiens,Human,1485,dengue virus type 1,Unassigned,2019-08-05
121,11053.14713,dengue virus type I D1/TAN/465/DAR/2019,Dengue virus,2023-04-19T00:00:00Z,OM920137,1485,2019-04-30,Tanzania,Africa,Homo sapiens,Human,1485,dengue virus type 1,Unassigned,2019-04-30
122,11053.14714,dengue virus type I D1/TAN/466/DAR/2019,Dengue virus,2023-04-19T00:00:00Z,OM920136,1485,2019-01-05,Tanzania,Africa,Homo sapiens,Human,1485,dengue virus type 1,Unassigned,2019-01-05
123,11053.14715,dengue virus type I D1/TAN/370/DAR/2019,Dengue virus,2023-04-19T00:00:00Z,OM920138,1485,2019-04-21,Tanzania,Africa,Homo sapiens,Human,1485,dengue virus type 1,Unassigned,2019-04-21
124,11053.14716,dengue virus type I D1/TAN/353/DAR/2019,Dengue virus,2023-04-19T00:00:00Z,OM920139,1485,2019-04-17,Tanzania,Africa,Homo sapiens,Human,1485,dengue virus type 1,Unassigned,2019-04-17
125,11053.14717,dengue virus type I D1/TAN/352/DAR/2019,Dengue virus,2023-04-19T00:00:00Z,OM920140,1485,2019-04-17,Tanzania,Africa,Homo sapiens,Human,1485,dengue virus type 1,Unassigned,2019-04-17
126,11053.14718,dengue virus type I D1/TAN/351/DAR/2019,Dengue virus,2023-04-19T00:00:00Z,OM920141,1485,2019-04-17,Tanzania,Africa,Homo sapiens,Human,1485,dengue virus type 1,Unassigned,2019-04-17
127,11053.14719,dengue virus type I D1/TAN/350/DAR/2019,Dengue virus,2023-04-19T00:00:00Z,OM920142,1485,2019-04-17,Tanzania,Africa,Homo sapiens,Human,1485,dengue virus type 1,Unassigned,2019-04-17
128,11053.1472,dengue virus type I D1/TAN/344/DAR/2019,Dengue virus,2023-04-19T00:00:00Z,OM920143,1485,2019-04-17,Tanzania,Africa,Homo sapiens,Human,1485,dengue virus type 1,Unassigned,2019-04-17
129,11053.14721,dengue virus type I D1/TAN/343/DAR/2019,Dengue virus,2023-04-19T00:00:00Z,OM920144,1485,2019-04-17,Tanzania,Africa,Homo sapiens,Human,1485,dengue virus type 1,Unassigned,2019-04-17
130,11053.14722,dengue virus type I D1/TAN/312/DAR/2019,Dengue virus,2023-04-19T00:00:00Z,OM920145,1485,2019-04-13,Tanzania,Africa,Homo sapiens,Human,1485,dengue virus type 1,Unassigned,2019-04-13
131,11053.14723,dengue virus type I D1/TAN/295/DAR/2019,Dengue virus,2023-04-19T00:00:00Z,OM920147,1485,2019-06-28,Tanzania,Africa,Homo sapiens,Human,1485,dengue virus type 1,Unassigned,2019-06-28
132,11053.14724,dengue virus type I D1/TAN/296/DAR/2019,Dengue virus,2023-04-19T00:00:00Z,OM920146,1485,2019-09-07,Tanzania,Africa,Homo sapiens,Human,1485,dengue virus type 1,Unassigned,2019-09-07
133,11053.14725,dengue virus type I D1/TAN/282/DAR/2019,Dengue virus,2023-04-19T00:00:00Z,OM920148,1485,2019-06-24,Tanzania,Africa,Homo sapiens,Human,1485,dengue virus type 1,Unassigned,2019-06-24
134,11053.14726,dengue virus type I D1/TAN/272/DAR/2019,Dengue virus,2023-04-19T00:00:00Z,OM920149,1485,2019-06-16,Tanzania,Africa,Homo sapiens,Human,1485,dengue virus type 1,Unassigned,2019-06-16
135,11053.14727,dengue virus type I D1/TAN/262/DAR/2019,Dengue virus,2023-04-19T00:00:00Z,OM920151,1485,2019-08-06,Tanzania,Africa,Homo sapiens,Human,1485,dengue virus type 1,Unassigned,2019-08-06
136,11053.14728,dengue virus type I D1/TAN/269/DAR/2019,Dengue virus,2023-04-19T00:00:00Z,OM920150,1485,2019-06-13,Tanzania,Africa,Homo sapiens,Human,1485,dengue virus type 1,Unassigned,2019-06-13
137,11053.14729,dengue virus type I D1/TAN/256/DAR/2019,Dengue virus,2023-04-19T00:00:00Z,OM920152,1485,2019-06-06,Tanzania,Africa,Homo sapiens,Human,1485,dengue virus type 1,Unassigned,2019-06-06
138,11053.1473,dengue virus type I D1/TAN/230/DAR/2019,Dengue virus,2023-04-19T00:00:00Z,OM920153,1485,2019-05-17,Tanzania,Africa,Homo sapiens,Human,1485,dengue virus type 1,Unassigned,2019-05-17
139,11053.14731,dengue virus type I D1/TAN/228/DAR/2019,Dengue virus,2023-04-19T00:00:00Z,OM920154,1485,2019-05-17,Tanzania,Africa,Homo sapiens,Human,1485,dengue virus type 1,Unassigned,2019-05-17
140,11053.14732,dengue virus type I D1/TAN/27/DAR/2019,Dengue virus,2023-04-19T00:00:00Z,OM920155,1485,2019-01-15,Tanzania,Africa,Homo sapiens,Human,1485,dengue virus type 1,Unassigned,2019-01-15
141,11053.14733,dengue virus type I D1/TAN/226/DAR/2019,Dengue virus,2023-04-19T00:00:00Z,OM920156,1485,2019-05-14,Tanzania,Africa,Homo sapiens,Human,1485,dengue virus type 1,Unassigned,2019-05-14
142,11053.14734,dengue virus type I D1/TAN/220/DAR/2019,Dengue virus,2023-04-19T00:00:00Z,OM920157,1485,2019-06-15,Tanzania,Africa,Homo sapiens,Human,1485,dengue virus type 1,Unassigned,2019-06-15
143,11053.14735,dengue virus type I D1/TAN/219/DAR/2019,Dengue virus,2023-04-19T00:00:00Z,OM920158,1485,2019-06-15,Tanzania,Africa,Homo sapiens,Human,1485,dengue virus type 1,Unassigned,2019-06-15
144,11053.14736,dengue virus type I D1/TAN/218/DAR/2019,Dengue virus,2023-04-19T00:00:00Z,OM920159,1485,2019-06-15,Tanzania,Africa,Homo sapiens,Human,1485,dengue virus type 1,Unassigned,2019-06-15
145,11053.14737,dengue virus type I D1/TAN/208/PW/2019,Dengue virus,2023-04-19T00:00:00Z,OM920160,1485,2019-10-05,Tanzania,Africa,Homo sapiens,Human,1485,dengue virus type 1,Unassigned,2019-10-05
146,11053.14738,dengue virus type I D1/TAN/206/DAR/2019,Dengue virus,2023-04-19T00:00:00Z,OM920161,1485,2019-09-05,Tanzania,Africa,Homo sapiens,Human,1485,dengue virus type 1,Unassigned,2019-09-05
147,11053.14739,dengue virus type I D1/TAN/203/DAR/2019,Dengue virus,2023-04-19T00:00:00Z,OM920162,1485,2019-08-05,Tanzania,Africa,Homo sapiens,Human,1485,dengue virus type 1,Unassigned,2019-08-05
148,11053.1474,dengue virus type I D1/TAN/198/DAR/2019,Dengue virus,2023-04-19T00:00:00Z,OM920163,1485,2019-07-03,Tanzania,Africa,Homo sapiens,Human,1485,dengue virus type 1,Unassigned,2019-07-03
149,11053.14741,dengue virus type I D1/TAN/96/DAR/2019,Dengue virus,2023-04-19T00:00:00Z,OM920164,1485,2019-07-05,Tanzania,Africa,Homo sapiens,Human,1485,dengue virus type 1,Unassigned,2019-07-05
150,11053.14742,dengue virus type I D1/TAN/195/PW/2019,Dengue virus,2023-04-19T00:00:00Z,OM920165,1485,2019-06-05,Tanzania,Africa,Homo sapiens,Human,1485,dengue virus type 1,Unassigned,2019-06-05
151,11053.14743,dengue virus type I D1/TAN/188/DAR/2019,Dengue virus,2023-04-19T00:00:00Z,OM920166,1485,2019-02-05,Tanzania,Africa,Homo sapiens,Human,1485,dengue virus type 1,Unassigned,2019-02-05
152,11053.14744,dengue virus type I D1/TAN/186/DAR/2019,Dengue virus,2023-04-19T00:00:00Z,OM920167,1485,2019-02-05,Tanzania,Africa,Homo sapiens,Human,1485,dengue virus type 1,Unassigned,2019-02-05
153,11053.14745,dengue virus type I D1/TAN/182/DAR/2019,Dengue virus,2023-04-19T00:00:00Z,OM920168,1485,2019-04-30,Tanzania,Africa,Homo sapiens,Human,1485,dengue virus type 1,Unassigned,2019-04-30
154,11053.14746,dengue virus type I D1/TAN/151/DAR/2019,Dengue virus,2023-04-19T00:00:00Z,OM920169,1485,2019-04-23,Tanzania,Africa,Homo sapiens,Human,1485,dengue virus type 1,Unassigned,2019-04-23
155,11053.14747,dengue virus type I D1/TAN/142/DAR/2019,Dengue virus,2023-04-19T00:00:00Z,OM920170,1485,2019-04-20,Tanzania,Africa,Homo sapiens,Human,1485,dengue virus type 1,Unassigned,2019-04-20
156,11053.14748,dengue virus type I D1/TAN/139/DAR/2019,Dengue virus,2023-04-19T00:00:00Z,OM920171,1485,2019-04-20,Tanzania,Africa,Homo sapiens,Human,1485,dengue virus type 1,Unassigned,2019-04-20
157,11053.14749,dengue virus type I D1/TAN/135/DAR/2019,Dengue virus,2023-04-19T00:00:00Z,OM920172,1485,2019-04-17,Tanzania,Africa,Homo sapiens,Human,1485,dengue virus type 1,Unassigned,2019-04-17
158,11053.1475,dengue virus type I D1/TAN/131/DAR/2019,Dengue virus,2023-04-19T00:00:00Z,OM920173,1485,2019-04-15,Tanzania,Africa,Homo sapiens,Human,1485,dengue virus type 1,Unassigned,2019-04-15
159,11053.14751,dengue virus type I D1/TAN/128/DAR/2019,Dengue virus,2023-04-19T00:00:00Z,OM920174,1485,2019-04-14,Tanzania,Africa,Homo sapiens,Human,1485,dengue virus type 1,Unassigned,2019-04-14
160,11053.14752,dengue virus type I D1/TAN/127/DAR/2019,Dengue virus,2023-04-19T00:00:00Z,OM920175,1485,2019-12-04,Tanzania,Africa,Homo sapiens,Human,1485,dengue virus type 1,Unassigned,2019-12-04
161,11053.14753,dengue virus type I D1/TAN/122/DAR/2019,Dengue virus,2023-04-19T00:00:00Z,OM920176,1485,2019-07-04,Tanzania,Africa,Homo sapiens,Human,1485,dengue virus type 1,Unassigned,2019-07-04
162,11053.14754,dengue virus type I D1/TAN/120/DAR/2019,Dengue virus,2023-04-19T00:00:00Z,OM920177,1485,2019-06-04,Tanzania,Africa,Homo sapiens,Human,1485,dengue virus type 1,Unassigned,2019-06-04
163,11053.14755,dengue virus type I D1/TAN/109/DAR/2019,Dengue virus,2023-04-19T00:00:00Z,OM920179,1485,2019-03-29,Tanzania,Africa,Homo sapiens,Human,1485,dengue virus type 1,Unassigned,2019-03-29
164,11053.14756,dengue virus type I D1/TAN/112/DAR/2019,Dengue virus,2023-04-19T00:00:00Z,OM920178,1485,2019-01-04,Tanzania,Africa,Homo sapiens,Human,1485,dengue virus type 1,Unassigned,2019-01-04
165,11053.14757,dengue virus type I D1/TAN/38/DAR/2019,Dengue virus,2023-04-19T00:00:00Z,OM920181,1485,2019-03-27,Tanzania,Africa,Homo sapiens,Human,1485,dengue virus type 1,Unassigned,2019-03-27
166,11053.14758,dengue virus type I D1/TAN/89/DAR/2019,Dengue virus,2023-04-19T00:00:00Z,OM920180,1485,2019-07-05,Tanzania,Africa,Homo sapiens,Human,1485,dengue virus type 1,Unassigned,2019-07-05
167,11053.14759,dengue virus type I D1/TAN/21/TA/2019,Dengue virus,2023-04-19T00:00:00Z,OM920183,1485,2019-11-02,Tanzania,Africa,Homo sapiens,Human,1485,dengue virus type 1,Unassigned,2019-11-02
168,11053.1476,dengue virus type I D1/TAN/32/DAR/2019,Dengue virus,2023-04-19T00:00:00Z,OM920182,1485,2019-03-23,Tanzania,Africa,Homo sapiens,Human,1485,dengue virus type 1,Unassigned,2019-03-23
169,11053.14761,dengue virus type I D1/TAN/12/DAR/2019,Dengue virus,2023-04-19T00:00:00Z,OM920184,1485,2019-03-19,Tanzania,Africa,Homo sapiens,Human,1485,dengue virus type 1,Unassigned,2019-03-19
170,11053.14762,dengue virus type I D1/TAN/11/DAR/2019,Dengue virus,2023-04-19T00:00:00Z,OM920185,1485,2019-03-16,Tanzania,Africa,Homo sapiens,Human,1485,dengue virus type 1,Unassigned,2019-03-16
171,11053.14763,dengue virus type I D1/TAN/06/DAR/2019,Dengue virus,2023-04-19T00:00:00Z,OM920187,1485,2019-02-11,Tanzania,Africa,Homo sapiens,Human,1485,dengue virus type 1,Unassigned,2019-02-11
172,11053.14764,dengue virus type I D1/TAN/07/DAR/2019,Dengue virus,2023-04-19T00:00:00Z,OM920186,1485,2019-02-13,Tanzania,Africa,Homo sapiens,Human,1485,dengue virus type 1,Unassigned,2019-02-13
173,11053.14765,dengue virus type I D1/TAN/726/DAR/2019,Dengue virus,2023-04-19T00:00:00Z,OM920189,1485,2019-04-16,Tanzania,Africa,Homo sapiens,Human,1485,dengue virus type 1,Unassigned,2019-04-16
174,11053.14766,dengue virus type I D1/TAN/727/DAR/2019,Dengue virus,2023-04-19T00:00:00Z,OM920188,1485,2019-04-13,Tanzania,Africa,Homo sapiens,Human,1485,dengue virus type 1,Unassigned,2019-04-13
175,11053.14767,dengue virus type I D1/TAN/724/DAR/2019,Dengue virus,2023-04-19T00:00:00Z,OM920190,1485,2019-04-15,Tanzania,Africa,Homo sapiens,Human,1485,dengue virus type 1,Unassigned,2019-04-15
176,11053.14768,dengue virus type I D1/TAN/723/DAR/2019,Dengue virus,2023-04-19T00:00:00Z,OM920191,1485,2019-04-13,Tanzania,Africa,Homo sapiens,Human,1485,dengue virus type 1,Unassigned,2019-04-13
177,11053.14769,dengue virus type I D1/TAN/720/DAR/2019,Dengue virus,2023-04-19T00:00:00Z,OM920193,1485,2019-04-15,Tanzania,Africa,Homo sapiens,Human,1485,dengue virus type 1,Unassigned,2019-04-15
178,11053.1477,dengue virus type I D1/TAN/719/DAR/2019,Dengue virus,2023-04-19T00:00:00Z,OM920194,1485,2019-04-16,Tanzania,Africa,Homo sapiens,Human,1485,dengue virus type 1,Unassigned,2019-04-16
179,11053.14771,dengue virus type I D1/TAN/722/DAR/2019,Dengue virus,2023-04-19T00:00:00Z,OM920192,1485,2019-04-13,Tanzania,Africa,Homo sapiens,Human,1485,dengue virus type 1,Unassigned,2019-04-13
180,11053.14772,dengue virus type I D1/TAN/668/DAR/2019,Dengue virus,2023-04-19T00:00:00Z,OM920195,1485,2019-03-05,Tanzania,Africa,Homo sapiens,Human,1485,dengue virus type 1,Unassigned,2019-03-05
181,11053.14773,dengue virus type I D1/TAN/662/DAR/2019,Dengue virus,2023-04-19T00:00:00Z,OM920196,1485,2019-03-05,Tanzania,Africa,Homo sapiens,Human,1485,dengue virus type 1,Unassigned,2019-03-05
182,11053.14774,dengue virus type I D1/TAN/655/DAR/2019,Dengue virus,2023-04-19T00:00:00Z,OM920197,1485,2019-06-25,Tanzania,Africa,Homo sapiens,Human,1485,dengue virus type 1,Unassigned,2019-06-25
183,11053.14775,dengue virus type I D1/TAN/652/DAR/2019,Dengue virus,2023-04-19T00:00:00Z,OM920198,1485,2019-06-25,Tanzania,Africa,Homo sapiens,Human,1485,dengue virus type 1,Unassigned,2019-06-25
184,11053.14776,dengue virus type I D1/TAN/650/DAR/2019,Dengue virus,2023-04-19T00:00:00Z,OM920199,1485,2019-06-25,Tanzania,Africa,Homo sapiens,Human,1485,dengue virus type 1,Unassigned,2019-06-25
185,11053.14777,dengue virus type I D1/TAN/648/DAR/2019,Dengue virus,2023-04-19T00:00:00Z,OM920200,1485,2019-06-18,Tanzania,Africa,Homo sapiens,Human,1485,dengue virus type 1,Unassigned,2019-06-18
186,11053.14778,dengue virus type I D1/TAN/635/DAR/2019,Dengue virus,2023-04-19T00:00:00Z,OM920201,1485,2019-05-06,Tanzania,Africa,Homo sapiens,Human,1485,dengue virus type 1,Unassigned,2019-05-06
187,11053.14779,dengue virus type I D1/TAN/596/DAR/2019,Dengue virus,2023-04-19T00:00:00Z,OM920203,1485,2019-07-06,Tanzania,Africa,Homo sapiens,Human,1485,dengue virus type 1,Unassigned,2019-07-06
188,11053.1478,dengue virus type I D1/TAN/597/DAR/2019,Dengue virus,2023-04-19T00:00:00Z,OM920202,1485,2019-07-06,Tanzania,Africa,Homo sapiens,Human,1485,dengue virus type 1,Unassigned,2019-07-06
189,11053.14781,dengue virus type I D1/TAN/595/DAR/2019,Dengue virus,2023-04-19T00:00:00Z,OM920204,1485,2019-07-06,Tanzania,Africa,Homo sapiens,Human,1485,dengue virus type 1,Unassigned,2019-07-06
190,11053.14782,dengue virus type I D1/TAN/594/DAR/2019,Dengue virus,2023-04-19T00:00:00Z,OM920205,1485,2019-07-06,Tanzania,Africa,Homo sapiens,Human,1485,dengue virus type 1,Unassigned,2019-07-06
191,11053.14783,dengue virus type I D1/TAN/591/DAR/2019,Dengue virus,2023-04-19T00:00:00Z,OM920207,1485,2019-07-06,Tanzania,Africa,Homo sapiens,Human,1485,dengue virus type 1,Unassigned,2019-07-06
192,11053.14784,dengue virus type I D1/TAN/592/DAR/2019,Dengue virus,2023-04-19T00:00:00Z,OM920206,1485,2019-07-06,Tanzania,Africa,Homo sapiens,Human,1485,dengue virus type 1,Unassigned,2019-07-06
193,11053.14785,dengue virus type I D1/TAN/590/DAR/2019,Dengue virus,2023-04-19T00:00:00Z,OM920208,1485,2019-07-06,Tanzania,Africa,Homo sapiens,Human,1485,dengue virus type 1,Unassigned,2019-07-06
194,11053.14786,dengue virus type I D1/TAN/589/DAR/2019,Dengue virus,2023-04-19T00:00:00Z,OM920209,1485,2019-07-06,Tanzania,Africa,Homo sapiens,Human,1485,dengue virus type 1,Unassigned,2019-07-06
195,11053.14787,dengue virus type I D1/TAN/588/DAR/2019,Dengue virus,2023-04-19T00:00:00Z,OM920210,1485,2019-07-06,Tanzania,Africa,Homo sapiens,Human,1485,dengue virus type 1,Unassigned,2019-07-06
196,11053.14788,dengue virus type I D1/TAN/587/DAR/2019,Dengue virus,2023-04-19T00:00:00Z,OM920211,1485,2019-07-06,Tanzania,Africa,Homo sapiens,Human,1485,dengue virus type 1,Unassigned,2019-07-06
197,11053.14789,dengue virus type I D1/TAN/580/DAR/2019,Dengue virus,2023-04-19T00:00:00Z,OM920213,1485,2019-04-14,Tanzania,Africa,Homo sapiens,Human,1485,dengue virus type 1,Unassigned,2019-04-14
198,11053.1479,dengue virus type I D1/TAN/581/DAR/2019,Dengue virus,2023-04-19T00:00:00Z,OM920212,1485,2019-04-14,Tanzania,Africa,Homo sapiens,Human,1485,dengue virus type 1,Unassigned,2019-04-14
199,11053.14791,dengue virus type I D1/TAN/565/DAR/2019,Dengue virus,2023-04-19T00:00:00Z,OM920215,1485,2019-09-04,Tanzania,Africa,Homo sapiens,Human,1485,dengue virus type 1,Unassigned,2019-09-04
200,11053.14792,dengue virus type I D1/TAN/567/DAR/2019,Dengue virus,2023-04-19T00:00:00Z,OM920214,1485,2019-09-04,Tanzania,Africa,Homo sapiens,Human,1485,dengue virus type 1,Unassigned,2019-09-04
201,11053.14793,dengue virus type I D1/TAN/557/DAR/2019,Dengue virus,2023-04-19T00:00:00Z,OM920217,1485,2019-03-23,Tanzania,Africa,Homo sapiens,Human,1485,dengue virus type 1,Unassigned,2019-03-23
202,11053.14794,dengue virus type I D1/TAN/563/DAR/2019,Dengue virus,2023-04-19T00:00:00Z,OM920216,1485,2019-09-04,Tanzania,Africa,Homo sapiens,Human,1485,dengue virus type 1,Unassigned,2019-09-04
203,11053.14795,dengue virus type I D1/TAN/556/DAR/2019,Dengue virus,2023-04-19T00:00:00Z,OM920218,1485,2019-03-31,Tanzania,Africa,Homo sapiens,Human,1485,dengue virus type 1,Unassigned,2019-03-31
204,11053.14796,dengue virus type I D1/TAN/552/DAR/2019,Dengue virus,2023-04-19T00:00:00Z,OM920219,1485,2019-08-05,Tanzania,Africa,Homo sapiens,Human,1485,dengue virus type 1,Unassigned,2019-08-05
205,11053.14797,dengue virus type I D1/TAN/550/DAR/2019,Dengue virus,2023-04-19T00:00:00Z,OM920220,1485,2019-08-05,Tanzania,Africa,Homo sapiens,Human,1485,dengue virus type 1,Unassigned,2019-08-05
206,11053.14798,dengue virus type I D1/TAN/548/DAR/2019,Dengue virus,2023-04-19T00:00:00Z,OM920221,1485,2019-08-05,Tanzania,Africa,Homo sapiens,Human,1485,dengue virus type 1,Unassigned,2019-08-05
207,11053.14799,dengue virus type I D1/TAN/545/DAR/2019,Dengue virus,2023-04-19T00:00:00Z,OM920222,1485,2019-08-05,Tanzania,Africa,Homo sapiens,Human,1485,dengue virus type 1,Unassigned,2019-08-05
208,11053.148,dengue virus type I D1/TAN/544/DAR/2019,Dengue virus,2023-04-19T00:00:00Z,OM920223,1485,2019-08-05,Tanzania,Africa,Homo sapiens,Human,1485,dengue virus type 1,Unassigned,2019-08-05
209,11053.14801,dengue virus type I D1/TAN/542/DAR/2019,Dengue virus,2023-04-19T00:00:00Z,OM920224,1485,2019-08-05,Tanzania,Africa,Homo sapiens,Human,1485,dengue virus type 1,Unassigned,2019-08-05
210,11053.14802,dengue virus type I D1/TAN/541/DAR/2019,Dengue virus,2023-04-19T00:00:00Z,OM920225,1485,2019-08-05,Tanzania,Africa,Homo sapiens,Human,1485,dengue virus type 1,Unassigned,2019-08-05
211,11053.14803,dengue virus type I D1/TAN/532/DAR/2019,Dengue virus,2023-04-19T00:00:00Z,OM920226,1485,2019-08-05,Tanzania,Africa,Homo sapiens,Human,1485,dengue virus type 1,Unassigned,2019-08-05
212,11053.14804,dengue virus type I D1/TAN/525/DAR/2019,Dengue virus,2023-04-19T00:00:00Z,OM920227,1485,2019-08-05,Tanzania,Africa,Homo sapiens,Human,1485,dengue virus type 1,Unassigned,2019-08-05
213,11053.14805,dengue virus type I D1/TAN/521/DAR/2019,Dengue virus,2023-04-19T00:00:00Z,OM920228,1485,2019-08-05,Tanzania,Africa,Homo sapiens,Human,1485,dengue virus type 1,Unassigned,2019-08-05
214,11053.14806,dengue virus type I D1/TAN/520/DAR/2019,Dengue virus,2023-04-19T00:00:00Z,OM920229,1485,2019-08-05,Tanzania,Africa,Homo sapiens,Human,1485,dengue virus type 1,Unassigned,2019-08-05
215,11053.14807,dengue virus type I D1/TAN/518/DAR/2019,Dengue virus,2023-04-19T00:00:00Z,OM920230,1485,2019-08-05,Tanzania,Africa,Homo sapiens,Human,1485,dengue virus type 1,Unassigned,2019-08-05
216,11053.14808,dengue virus type I D1/TAN/516/DAR/2019,Dengue virus,2023-04-19T00:00:00Z,OM920231,1485,2019-08-05,Tanzania,Africa,Homo sapiens,Human,1485,dengue virus type 1,Unassigned,2019-08-05
217,11053.14809,dengue virus type I D1/TAN/514/DAR/2019,Dengue virus,2023-04-19T00:00:00Z,OM920232,1485,2019-08-05,Tanzania,Africa,Homo sapiens,Human,1485,dengue virus type 1,Unassigned,2019-08-05
218,11053.1481,dengue virus type I D1/TAN/513/DAR/2019,Dengue virus,2023-04-19T00:00:00Z,OM920233,1485,2019-08-05,Tanzania,Africa,Homo sapiens,Human,1485,dengue virus type 1,Unassigned,2019-08-05
219,11053.14811,dengue virus type I D1/TAN/512/DAR/2019,Dengue virus,2023-04-19T00:00:00Z,OM920234,1485,2019-08-05,Tanzania,Africa,Homo sapiens,Human,1485,dengue virus type 1,Unassigned,2019-08-05
220,11053.14812,dengue virus type I D1/TAN/510/DAR/2019,Dengue virus,2023-04-19T00:00:00Z,OM920235,1485,2019-08-05,Tanzania,Africa,Homo sapiens,Human,1485,dengue virus type 1,Unassigned,2019-08-05
221,11053.14813,dengue virus type I D1/TAN/509/DAR/2019,Dengue virus,2023-04-19T00:00:00Z,OM920236,1485,2019-08-05,Tanzania,Africa,Homo sapiens,Human,1485,dengue virus type 1,Unassigned,2019-08-05
222,11053.14814,dengue virus type I D1/TAN/507/DAR/2019,Dengue virus,2023-04-19T00:00:00Z,OM920237,1485,2019-08-05,Tanzania,Africa,Homo sapiens,Human,1485,dengue virus type 1,Unassigned,2019-08-05
223,11053.14815,dengue virus type I D1/TAN/505/DAR/2019,Dengue virus,2023-04-19T00:00:00Z,OM920238,1485,2019-08-05,Tanzania,Africa,Homo sapiens,Human,1485,dengue virus type 1,Unassigned,2019-08-05
224,11053.14816,dengue virus type I D1/TAN/504/DAR/2019,Dengue virus,2023-04-19T00:00:00Z,OM920239,1485,2019-08-05,Tanzania,Africa,Homo sapiens,Human,1485,dengue virus type 1,Unassigned,2019-08-05
225,11053.14817,dengue virus type I D1/TAN/501/DAR/2019,Dengue virus,2023-04-19T00:00:00Z,OM920240,1485,2019-02-05,Tanzania,Africa,Homo sapiens,Human,1485,dengue virus type 1,Unassigned,2019-02-05
226,11053.14818,dengue virus type I D1/TAN/482/DAR/2019,Dengue virus,2023-04-19T00:00:00Z,OM920241,1485,2019-02-05,Tanzania,Africa,Homo sapiens,Human,1485,dengue virus type 1,Unassigned,2019-02-05
227,11053.14819,dengue virus type I D1/TAN/464/DAR/2019,Dengue virus,2023-04-19T00:00:00Z,OM920242,1485,2019-01-05,Tanzania,Africa,Homo sapiens,Human,1485,dengue virus type 1,Unassigned,2019-01-05
228,11053.1482,dengue virus type I D1/TAN/395/DAR/2019,Dengue virus,2023-04-19T00:00:00Z,OM920243,1485,2019-04-26,Tanzania,Africa,Homo sapiens,Human,1485,dengue virus type 1,Unassigned,2019-04-26
229,11053.14821,dengue virus type I D1/TAN/386/DAR/2019,Dengue virus,2023-04-19T00:00:00Z,OM920244,1485,2019-04-24,Tanzania,Africa,Homo sapiens,Human,1485,dengue virus type 1,Unassigned,2019-04-24
230,11053.14822,dengue virus type I D1/TAN/363/DAR/2019,Dengue virus,2023-04-19T00:00:00Z,OM920245,1485,2019-04-22,Tanzania,Africa,Homo sapiens,Human,1485,dengue virus type 1,Unassigned,2019-04-22
231,11053.14823,dengue virus type I D1/TAN/357/DAR/2019,Dengue virus,2023-04-19T00:00:00Z,OM920246,1485,2019-04-18,Tanzania,Africa,Homo sapiens,Human,1485,dengue virus type 1,Unassigned,2019-04-18
232,11053.14824,dengue virus type I D1/TAN/332/DAR/2019,Dengue virus,2023-04-19T00:00:00Z,OM920248,1485,2019-04-15,Tanzania,Africa,Homo sapiens,Human,1485,dengue virus type 1,Unassigned,2019-04-15
233,11053.14825,dengue virus type I D1/TAN/348/DAR/2019,Dengue virus,2023-04-19T00:00:00Z,OM920247,1485,2019-04-17,Tanzania,Africa,Homo sapiens,Human,1485,dengue virus type 1,Unassigned,2019-04-17
234,11053.14826,dengue virus type I D1/TAN/331/DAR/2019,Dengue virus,2023-04-19T00:00:00Z,OM920249,1485,2019-04-15,Tanzania,Africa,Homo sapiens,Human,1485,dengue virus type 1,Unassigned,2019-04-15
235,11053.14827,dengue virus type I D1/TAN/324/DAR/2019,Dengue virus,2023-04-19T00:00:00Z,OM920250,1485,2019-04-15,Tanzania,Africa,Homo sapiens,Human,1485,dengue virus type 1,Unassigned,2019-04-15
236,11053.14828,dengue virus type I D1/TAN/323/DAR/2019,Dengue virus,2023-04-19T00:00:00Z,OM920251,1485,2019-04-15,Tanzania,Africa,Homo sapiens,Human,1485,dengue virus type 1,Unassigned,2019-04-15
237,11053.14829,dengue virus type I D1/TAN/316/DAR/2019,Dengue virus,2023-04-19T00:00:00Z,OM920253,1485,2019-04-15,Tanzania,Africa,Homo sapiens,Human,1485,dengue virus type 1,Unassigned,2019-04-15
238,11053.1483,dengue virus type I D1/TAN/318/DAR/2019,Dengue virus,2023-04-19T00:00:00Z,OM920252,1485,2019-04-15,Tanzania,Africa,Homo sapiens,Human,1485,dengue virus type 1,Unassigned,2019-04-15
239,11053.14831,dengue virus type I D1/TAN/315/DAR/2019,Dengue virus,2023-04-19T00:00:00Z,OM920254,1485,2019-04-15,Tanzania,Africa,Homo sapiens,Human,1485,dengue virus type 1,Unassigned,2019-04-15
240,11053.14832,dengue virus type I D1/TAN/304/DAR/2019,Dengue virus,2023-04-19T00:00:00Z,OM920255,1485,2019-08-04,Tanzania,Africa,Homo sapiens,Human,1485,dengue virus type 1,Unassigned,2019-08-04
241,11053.14833,dengue virus type I D1/TAN/300/DAR/2019,Dengue virus,2023-04-19T00:00:00Z,OM920256,1485,2019-08-04,Tanzania,Africa,Homo sapiens,Human,1485,dengue virus type 1,Unassigned,2019-08-04
242,11053.14834,dengue virus type I D1/TAN/281/DAR/2019,Dengue virus,2023-04-19T00:00:00Z,OM920258,1485,2019-06-21,Tanzania,Africa,Homo sapiens,Human,1485,dengue virus type 1,Unassigned,2019-06-21
243,11053.14835,dengue virus type I D1/TAN/293/DAR/2019,Dengue virus,2023-04-19T00:00:00Z,OM920257,1485,2019-06-28,Tanzania,Africa,Homo sapiens,Human,1485,dengue virus type 1,Genotype I,2019-06-28
244,11053.14836,dengue virus type I D1/TAN/275/DAR/2019,Dengue virus,2023-04-19T00:00:00Z,OM920260,1485,2019-06-19,Tanzania,Africa,Homo sapiens,Human,1485,dengue virus type 1,Unassigned,2019-06-19
245,11053.14837,dengue virus type I D1/TAN/273/DAR/2019,Dengue virus,2023-04-19T00:00:00Z,OM920261,1485,2019-06-15,Tanzania,Africa,Homo sapiens,Human,1485,dengue virus type 1,Unassigned,2019-06-15
246,11053.14838,dengue virus type I D1/TAN/276/DAR/2019,Dengue virus,2023-04-19T00:00:00Z,OM920259,1485,2019-06-20,Tanzania,Africa,Homo sapiens,Human,1485,dengue virus type 1,Unassigned,2019-06-20
247,11053.14839,dengue virus type I D1/TAN/266/DAR/2019,Dengue virus,2023-04-19T00:00:00Z,OM920262,1485,2019-10-06,Tanzania,Africa,Homo sapiens,Human,1485,dengue virus type 1,Unassigned,2019-10-06
248,11053.1484,dengue virus type I D1/TAN/265/DAR/2019,Dengue virus,2023-04-19T00:00:00Z,OM920263,1485,2019-10-06,Tanzania,Africa,Homo sapiens,Human,1485,dengue virus type 1,Unassigned,2019-10-06
249,11053.14841,dengue virus type I D1/TAN/260/DAR/2019,Dengue virus,2023-04-19T00:00:00Z,OM920264,1485,2019-08-06,Tanzania,Africa,Homo sapiens,Human,1485,dengue virus type 1,Unassigned,2019-08-06
250,11053.14842,dengue virus type I D1/TAN/258/DAR/2019,Dengue virus,2023-04-19T00:00:00Z,OM920265,1485,2019-05-06,Tanzania,Africa,Homo sapiens,Human,1485,dengue virus type 1,Unassigned,2019-05-06
251,11053.14843,dengue virus type I D1/TAN/243/DAR/2019,Dengue virus,2023-04-19T00:00:00Z,OM920266,1485,2019-05-26,Tanzania,Africa,Homo sapiens,Human,1485,dengue virus type 1,Unassigned,2019-05-26
252,11053.14844,dengue virus type I D1/TAN/237/DAR/2019,Dengue virus,2023-04-19T00:00:00Z,OM920268,1485,2019-05-20,Tanzania,Africa,Homo sapiens,Human,1485,dengue virus type 1,Unassigned,2019-05-20
253,11053.14845,dengue virus type I D1/TAN/242/DAR/2019,Dengue virus,2023-04-19T00:00:00Z,OM920267,1485,2019-05-26,Tanzania,Africa,Homo sapiens,Human,1485,dengue virus type 1,Unassigned,2019-05-26
254,11053.14846,dengue virus type I D1/TAN/225/DAR/2019,Dengue virus,2023-04-19T00:00:00Z,OM920271,1485,2019-06-15,Tanzania,Africa,Homo sapiens,Human,1485,dengue virus type 1,Unassigned,2019-06-15
255,11053.14847,dengue virus type I D1/TAN/234/DAR/2019,Dengue virus,2023-04-19T00:00:00Z,OM920269,1485,2019-05-20,Tanzania,Africa,Homo sapiens,Human,1485,dengue virus type 1,Unassigned,2019-05-20
256,11053.14848,dengue virus type I D1/TAN/229/DAR/2019,Dengue virus,2023-04-19T00:00:00Z,OM920270,1485,2019-05-17,Tanzania,Africa,Homo sapiens,Human,1485,dengue virus type 1,Unassigned,2019-05-17
257,11053.14849,dengue virus type I D1/TAN/216/DAR/2019,Dengue virus,2023-04-19T00:00:00Z,OM920273,1485,2019-06-14,Tanzania,Africa,Homo sapiens,Human,1485,dengue virus type 1,Unassigned,2019-06-14
258,11053.1485,dengue virus type I D1/TAN/223/DAR/2019,Dengue virus,2023-04-19T00:00:00Z,OM920272,1485,2019-06-15,Tanzania,Africa,Homo sapiens,Human,1485,dengue virus type 1,Unassigned,2019-06-15
259,11053.14851,dengue virus type I D1/TAN/214/DAR/2019,Dengue virus,2023-04-19T00:00:00Z,OM920274,1485,2019-06-13,Tanzania,Africa,Homo sapiens,Human,1485,dengue virus type 1,Unassigned,2019-06-13
260,11053.14852,dengue virus type I D1/TAN/213/DAR/2019,Dengue virus,2023-04-19T00:00:00Z,OM920275,1485,2019-06-13,Tanzania,Africa,Homo sapiens,Human,1485,dengue virus type 1,Unassigned,2019-06-13
261,11053.14853,dengue virus type I D1/TAN/212/DAR/2019,Dengue virus,2023-04-19T00:00:00Z,OM920276,1485,2019-06-13,Tanzania,Africa,Homo sapiens,Human,1485,dengue virus type 1,Unassigned,2019-06-13
262,11053.14854,dengue virus type I D1/TAN/210/DAR/2019,Dengue virus,2023-04-19T00:00:00Z,OM920277,1485,2019-10-05,Tanzania,Africa,Homo sapiens,Human,1485,dengue virus type 1,Unassigned,2019-10-05
263,11053.14855,dengue virus type I D1/TAN/205/DAR/2019,Dengue virus,2023-04-19T00:00:00Z,OM920278,1485,2019-09-05,Tanzania,Africa,Homo sapiens,Human,1485,dengue virus type 1,Unassigned,2019-09-05
264,11053.14856,dengue virus type I D1/TAN/204/DAR/2019,Dengue virus,2023-04-19T00:00:00Z,OM920279,1485,2019-08-05,Tanzania,Africa,Homo sapiens,Human,1485,dengue virus type 1,Unassigned,2019-08-05
265,11053.14857,dengue virus type I D1/TAN/201/DAR/2019,Dengue virus,2023-04-19T00:00:00Z,OM920280,1485,2019-06-05,Tanzania,Africa,Homo sapiens,Human,1485,dengue virus type 1,Unassigned,2019-06-05
266,11053.14858,dengue virus type I D1/TAN/200/DAR/2019,Dengue virus,2023-04-19T00:00:00Z,OM920281,1485,2019-07-05,Tanzania,Africa,Homo sapiens,Human,1485,dengue virus type 1,Unassigned,2019-07-05
267,11053.14859,dengue virus type I D1/TAN/193/DAR/2019,Dengue virus,2023-04-19T00:00:00Z,OM920282,1485,2019-04-05,Tanzania,Africa,Homo sapiens,Human,1485,dengue virus type 1,Unassigned,2019-04-05
268,11053.1486,dengue virus type I D1/TAN/192/DAR/2019,Dengue virus,2023-04-19T00:00:00Z,OM920283,1485,2019-04-05,Tanzania,Africa,Homo sapiens,Human,1485,dengue virus type 1,Unassigned,2019-04-05
269,11053.14861,dengue virus type I D1/TAN/190/DAR/2019,Dengue virus,2023-04-19T00:00:00Z,OM920284,1485,2019-03-05,Tanzania,Africa,Homo sapiens,Human,1485,dengue virus type 1,Unassigned,2019-03-05
270,11053.14862,dengue virus type I D1/TAN/189/DAR/2019,Dengue virus,2023-04-19T00:00:00Z,OM920285,1485,2019-03-05,Tanzania,Africa,Homo sapiens,Human,1485,dengue virus type 1,Unassigned,2019-03-05
271,11053.14863,dengue virus type I D1/TAN/185/DAR/2019,Dengue virus,2023-04-19T00:00:00Z,OM920286,1485,2019-02-05,Tanzania,Africa,Homo sapiens,Human,1485,dengue virus type 1,Unassigned,2019-02-05
272,11053.14864,dengue virus type I D1/TAN/184/DAR/2019,Dengue virus,2023-04-19T00:00:00Z,OM920287,1485,2019-02-05,Tanzania,Africa,Homo sapiens,Human,1485,dengue virus type 1,Unassigned,2019-02-05
273,11053.14865,dengue virus type I D1/TAN/183/DAR/2019,Dengue virus,2023-04-19T00:00:00Z,OM920288,1485,2019-02-05,Tanzania,Africa,Homo sapiens,Human,1485,dengue virus type 1,Unassigned,2019-02-05
274,11053.14866,dengue virus type I D1/TAN/177/DAR/2019,Dengue virus,2023-04-19T00:00:00Z,OM920289,1485,2019-04-29,Tanzania,Africa,Homo sapiens,Human,1485,dengue virus type 1,Unassigned,2019-04-29
275,11053.14867,dengue virus type I D1/TAN/175/DAR/2019,Dengue virus,2023-04-19T00:00:00Z,OM920290,1485,2019-04-29,Tanzania,Africa,Homo sapiens,Human,1485,dengue virus type 1,Unassigned,2019-04-29
276,11053.14868,dengue virus type I D1/TAN/174/DAR/2019,Dengue virus,2023-04-19T00:00:00Z,OM920291,1485,2019-04-29,Tanzania,Africa,Homo sapiens,Human,1485,dengue virus type 1,Unassigned,2019-04-29
277,11053.14869,dengue virus type I D1/TAN/173/DAR/2019,Dengue virus,2023-04-19T00:00:00Z,OM920292,1485,2019-04-29,Tanzania,Africa,Homo sapiens,Human,1485,dengue virus type 1,Unassigned,2019-04-29
278,11053.1487,dengue virus type I D1/TAN/171/DAR/2019,Dengue virus,2023-04-19T00:00:00Z,OM920293,1485,2019-04-28,Tanzania,Africa,Homo sapiens,Human,1485,dengue virus type 1,Unassigned,2019-04-28
279,11053.14871,dengue virus type I D1/TAN/170/DAR/2019,Dengue virus,2023-04-19T00:00:00Z,OM920294,1485,2019-04-28,Tanzania,Africa,Homo sapiens,Human,1485,dengue virus type 1,Unassigned,2019-04-28
280,11053.14872,dengue virus type I D1/TAN/169/DAR/2019,Dengue virus,2023-04-19T00:00:00Z,OM920295,1485,2019-04-28,Tanzania,Africa,Homo sapiens,Human,1485,dengue virus type 1,Unassigned,2019-04-28
281,11053.14873,dengue virus type I D1/TAN/168/DAR/2019,Dengue virus,2023-04-19T00:00:00Z,OM920296,1485,2019-04-28,Tanzania,Africa,Homo sapiens,Human,1485,dengue virus type 1,Unassigned,2019-04-28
282,11053.14874,dengue virus type I D1/TAN/166/DAR/2019,Dengue virus,2023-04-19T00:00:00Z,OM920297,1485,2019-04-27,Tanzania,Africa,Homo sapiens,Human,1485,dengue virus type 1,Unassigned,2019-04-27
283,11053.14875,dengue virus type I D1/TAN/164/DAR/2019,Dengue virus,2023-04-19T00:00:00Z,OM920298,1485,2019-04-27,Tanzania,Africa,Homo sapiens,Human,1485,dengue virus type 1,Unassigned,2019-04-27
284,11053.14876,dengue virus type I D1/TAN/163/DAR/2019,Dengue virus,2023-04-19T00:00:00Z,OM920299,1485,2019-04-27,Tanzania,Africa,Homo sapiens,Human,1485,dengue virus type 1,Unassigned,2019-04-27
285,11053.14877,dengue virus type I D1/TAN/162/DAR/2019,Dengue virus,2023-04-19T00:00:00Z,OM920300,1485,2019-04-27,Tanzania,Africa,Homo sapiens,Human,1485,dengue virus type 1,Unassigned,2019-04-27
286,11053.14878,dengue virus type I D1/TAN/161/DAR/2019,Dengue virus,2023-04-19T00:00:00Z,OM920301,1485,2019-04-27,Tanzania,Africa,Homo sapiens,Human,1485,dengue virus type 1,Unassigned,2019-04-27
287,11053.14879,dengue virus type I D1/TAN/160/DAR/2019,Dengue virus,2023-04-19T00:00:00Z,OM920302,1485,2019-04-27,Tanzania,Africa,Homo sapiens,Human,1485,dengue virus type 1,Unassigned,2019-04-27
288,11053.1488,dengue virus type I D1/TAN/159/DAR/2019,Dengue virus,2023-04-19T00:00:00Z,OM920303,1485,2019-04-25,Tanzania,Africa,Homo sapiens,Human,1485,dengue virus type 1,Unassigned,2019-04-25
289,11053.14881,dengue virus type I D1/TAN/158/DAR/2019,Dengue virus,2023-04-19T00:00:00Z,OM920304,1485,2019-04-25,Tanzania,Africa,Homo sapiens,Human,1485,dengue virus type 1,Unassigned,2019-04-25
290,11053.14882,dengue virus type I D1/TAN/157/DAR/2019,Dengue virus,2023-04-19T00:00:00Z,OM920305,1485,2019-04-25,Tanzania,Africa,Homo sapiens,Human,1485,dengue virus type 1,Unassigned,2019-04-25
291,11053.14883,dengue virus type I D1/TAN/156/DAR/2019,Dengue virus,2023-04-19T00:00:00Z,OM920306,1485,2019-04-25,Tanzania,Africa,Homo sapiens,Human,1485,dengue virus type 1,Unassigned,2019-04-25
292,11053.14884,dengue virus type I D1/TAN/155/DAR/2019,Dengue virus,2023-04-19T00:00:00Z,OM920307,1485,2019-04-25,Tanzania,Africa,Homo sapiens,Human,1485,dengue virus type 1,Unassigned,2019-04-25
293,11053.14885,dengue virus type I D1/TAN/154/DAR/2019,Dengue virus,2023-04-19T00:00:00Z,OM920308,1485,2019-04-23,Tanzania,Africa,Homo sapiens,Human,1485,dengue virus type 1,Unassigned,2019-04-23
294,11053.14886,dengue virus type I D1/TAN/153/DAR/2019,Dengue virus,2023-04-19T00:00:00Z,OM920309,1485,2019-04-23,Tanzania,Africa,Homo sapiens,Human,1485,dengue virus type 1,Unassigned,2019-04-23
295,11053.14887,dengue virus type I D1/TAN/150/DAR/2019,Dengue virus,2023-04-19T00:00:00Z,OM920310,1485,2019-04-22,Tanzania,Africa,Homo sapiens,Human,1485,dengue virus type 1,Unassigned,2019-04-22
296,11053.14888,dengue virus type I D1/TAN/149/DAR/2019,Dengue virus,2023-04-19T00:00:00Z,OM920311,1485,2019-04-22,Tanzania,Africa,Homo sapiens,Human,1485,dengue virus type 1,Unassigned,2019-04-22
297,11053.14889,dengue virus type I D1/TAN/148/DAR/2019,Dengue virus,2023-04-19T00:00:00Z,OM920312,1485,2019-04-22,Tanzania,Africa,Homo sapiens,Human,1485,dengue virus type 1,Unassigned,2019-04-22
298,11053.1489,dengue virus type I D1/TAN/147/DAR/2019,Dengue virus,2023-04-19T00:00:00Z,OM920313,1485,2019-04-22,Tanzania,Africa,Homo sapiens,Human,1485,dengue virus type 1,Unassigned,2019-04-22
299,11053.14891,dengue virus type I D1/TAN/146/DAR/2019,Dengue virus,2023-04-19T00:00:00Z,OM920314,1485,2019-04-22,Tanzania,Africa,Homo sapiens,Human,1485,dengue virus type 1,Unassigned,2019-04-22
300,11053.14892,dengue virus type I D1/TAN/145/DAR/2019,Dengue virus,2023-04-19T00:00:00Z,OM920315,1485,2019-04-22,Tanzania,Africa,Homo sapiens,Human,1485,dengue virus type 1,Unassigned,2019-04-22
301,11053.14893,dengue virus type I D1/TAN/144/DAR/2019,Dengue virus,2023-04-19T00:00:00Z,OM920316,1485,2019-04-22,Tanzania,Africa,Homo sapiens,Human,1485,dengue virus type 1,Unassigned,2019-04-22
302,11053.14894,dengue virus type I D1/TAN/143/DAR/2019,Dengue virus,2023-04-19T00:00:00Z,OM920317,1485,2019-04-20,Tanzania,Africa,Homo sapiens,Human,1485,dengue virus type 1,Unassigned,2019-04-20
303,11053.14895,dengue virus type I D1/TAN/141/DAR/2019,Dengue virus,2023-04-19T00:00:00Z,OM920318,1485,2019-04-19,Tanzania,Africa,Homo sapiens,Human,1485,dengue virus type 1,Unassigned,2019-04-19
304,11053.14896,dengue virus type I D1/TAN/140/DAR/2019,Dengue virus,2023-04-19T00:00:00Z,OM920319,1485,2019-04-19,Tanzania,Africa,Homo sapiens,Human,1485,dengue virus type 1,Unassigned,2019-04-19
305,11053.14897,dengue virus type I D1/TAN/138/DAR/2019,Dengue virus,2023-04-19T00:00:00Z,OM920320,1485,2019-04-17,Tanzania,Africa,Homo sapiens,Human,1485,dengue virus type 1,Unassigned,2019-04-17
306,11053.14898,dengue virus type I D1/TAN/137/DAR/2019,Dengue virus,2023-04-19T00:00:00Z,OM920321,1485,2019-04-17,Tanzania,Africa,Homo sapiens,Human,1485,dengue virus type 1,Unassigned,2019-04-17
307,11053.14899,dengue virus type I D1/TAN/136/DAR/2019,Dengue virus,2023-04-19T00:00:00Z,OM920322,1485,2019-04-17,Tanzania,Africa,Homo sapiens,Human,1485,dengue virus type 1,Unassigned,2019-04-17
308,11053.149,dengue virus type I D1/TAN/133/DAR/2019,Dengue virus,2023-04-19T00:00:00Z,OM920323,1485,2019-04-15,Tanzania,Africa,Homo sapiens,Human,1485,dengue virus type 1,Unassigned,2019-04-15
309,11053.14901,dengue virus type I D1/TAN/132/DAR/2019,Dengue virus,2023-04-19T00:00:00Z,OM920324,1485,2019-04-16,Tanzania,Africa,Homo sapiens,Human,1485,dengue virus type 1,Unassigned,2019-04-16
310,11053.14902,dengue virus type I D1/TAN/130/DAR/2019,Dengue virus,2023-04-19T00:00:00Z,OM920325,1485,2019-04-15,Tanzania,Africa,Homo sapiens,Human,1485,dengue virus type 1,Unassigned,2019-04-15
311,11053.14903,dengue virus type I D1/TAN/129/DAR/2019,Dengue virus,2023-04-19T00:00:00Z,OM920326,1485,2019-04-14,Tanzania,Africa,Homo sapiens,Human,1485,dengue virus type 1,Unassigned,2019-04-14
312,11053.14904,dengue virus type I D1/TAN/126/DAR/2019,Dengue virus,2023-04-19T00:00:00Z,OM920327,1485,2019-12-04,Tanzania,Africa,Homo sapiens,Human,1485,dengue virus type 1,Unassigned,2019-12-04
313,11053.14905,dengue virus type I D1/TAN/125/DAR/2019,Dengue virus,2023-04-19T00:00:00Z,OM920328,1485,2019-11-04,Tanzania,Africa,Homo sapiens,Human,1485,dengue virus type 1,Unassigned,2019-11-04
314,11053.14906,dengue virus type I D1/TAN/124/DAR/2019,Dengue virus,2023-04-19T00:00:00Z,OM920329,1485,2019-10-04,Tanzania,Africa,Homo sapiens,Human,1485,dengue virus type 1,Unassigned,2019-10-04
315,11053.14907,dengue virus type I D1/TAN/123/DAR/2019,Dengue virus,2023-04-19T00:00:00Z,OM920330,1485,2019-07-04,Tanzania,Africa,Homo sapiens,Human,1485,dengue virus type 1,Unassigned,2019-07-04
316,11053.14908,dengue virus type I D1/TAN/121/DAR/2019,Dengue virus,2023-04-19T00:00:00Z,OM920331,1485,2019-07-04,Tanzania,Africa,Homo sapiens,Human,1485,dengue virus type 1,Unassigned,2019-07-04
317,11053.14909,dengue virus type I D1/TAN/118/DAR/2019,Dengue virus,2023-04-19T00:00:00Z,OM920332,1485,2019-05-04,Tanzania,Africa,Homo sapiens,Human,1485,dengue virus type 1,Unassigned,2019-05-04
318,11053.1491,dengue virus type I D1/TAN/17/DAR/2019,Dengue virus,2023-04-19T00:00:00Z,OM920333,1485,2019-03-20,Tanzania,Africa,Homo sapiens,Human,1485,dengue virus type 1,Unassigned,2019-03-20
319,11053.14911,dengue virus type I D1/TAN/115/DAR/2019,Dengue virus,2023-04-19T00:00:00Z,OM920334,1485,2019-03-04,Tanzania,Africa,Homo sapiens,Human,1485,dengue virus type 1,Unassigned,2019-03-04
320,11053.14912,dengue virus type I D1/TAN/113/DAR/2019,Dengue virus,2023-04-19T00:00:00Z,OM920335,1485,2019-01-04,Tanzania,Africa,Homo sapiens,Human,1485,dengue virus type 1,Unassigned,2019-01-04
321,11053.14913,dengue virus type I D1/TAN/111/DAR/2019,Dengue virus,2023-04-19T00:00:00Z,OM920336,1485,2019-03-29,Tanzania,Africa,Homo sapiens,Human,1485,dengue virus type 1,Unassigned,2019-03-29
322,11053.14914,dengue virus type I D1/TAN/110/DAR/2019,Dengue virus,2023-04-19T00:00:00Z,OM920337,1485,2019-03-29,Tanzania,Africa,Homo sapiens,Human,1485,dengue virus type 1,Unassigned,2019-03-29
323,11053.14915,dengue virus type I D1/TAN/108/DAR/2019,Dengue virus,2023-04-19T00:00:00Z,OM920338,1485,2019-07-05,Tanzania,Africa,Homo sapiens,Human,1485,dengue virus type 1,Unassigned,2019-07-05
324,11053.14916,dengue virus type I D1/TAN/106/DAR/2019,Dengue virus,2023-04-19T00:00:00Z,OM920339,1485,2019-07-05,Tanzania,Africa,Homo sapiens,Human,1485,dengue virus type 1,Unassigned,2019-07-05
325,11053.14917,dengue virus type I D1/TAN/104/DAR/2019,Dengue virus,2023-04-19T00:00:00Z,OM920340,1485,2019-07-05,Tanzania,Africa,Homo sapiens,Human,1485,dengue virus type 1,Unassigned,2019-07-05
326,11053.14918,dengue virus type I D1/TAN/103/DAR/2019,Dengue virus,2023-04-19T00:00:00Z,OM920341,1485,2019-07-05,Tanzania,Africa,Homo sapiens,Human,1485,dengue virus type 1,Unassigned,2019-07-05
327,11053.14919,dengue virus type I D1/TAN/102/DAR/2019,Dengue virus,2023-04-19T00:00:00Z,OM920342,1485,2019-07-05,Tanzania,Africa,Homo sapiens,Human,1485,dengue virus type 1,Unassigned,2019-07-05
328,11053.1492,dengue virus type I D1/TAN/101/DAR/2019,Dengue virus,2023-04-19T00:00:00Z,OM920343,1485,2019-07-05,Tanzania,Africa,Homo sapiens,Human,1485,dengue virus type 1,Unassigned,2019-07-05
329,11053.14921,dengue virus type I D1/TAN/100/DAR/2019,Dengue virus,2023-04-19T00:00:00Z,OM920344,1485,2019-07-05,Tanzania,Africa,Homo sapiens,Human,1485,dengue virus type 1,Unassigned,2019-07-05
330,11053.14922,dengue virus type I D1/TAN/99/DAR/2019,Dengue virus,2023-04-19T00:00:00Z,OM920345,1485,2019-07-05,Tanzania,Africa,Homo sapiens,Human,1485,dengue virus type 1,Unassigned,2019-07-05
331,11053.14923,dengue virus type I D1/TAN/98/DAR/2019,Dengue virus,2023-04-19T00:00:00Z,OM920346,1485,2019-07-05,Tanzania,Africa,Homo sapiens,Human,1485,dengue virus type 1,Unassigned,2019-07-05
332,11053.14924,dengue virus type I D1/TAN/97/DAR/2019,Dengue virus,2023-04-19T00:00:00Z,OM920347,1485,2019-07-05,Tanzania,Africa,Homo sapiens,Human,1485,dengue virus type 1,Unassigned,2019-07-05
333,11053.14925,dengue virus type I D1/TAN/95/DAR/2019,Dengue virus,2023-04-19T00:00:00Z,OM920348,1485,2019-07-05,Tanzania,Africa,Homo sapiens,Human,1485,dengue virus type 1,Unassigned,2019-07-05
334,11053.14926,dengue virus type I D1/TAN/94/DAR/2019,Dengue virus,2023-04-19T00:00:00Z,OM920349,1485,2019-07-05,Tanzania,Africa,Homo sapiens,Human,1485,dengue virus type 1,Unassigned,2019-07-05
335,11053.14927,dengue virus type I D1/TAN/93/DAR/2019,Dengue virus,2023-04-19T00:00:00Z,OM920350,1485,2019-07-05,Tanzania,Africa,Homo sapiens,Human,1485,dengue virus type 1,Unassigned,2019-07-05
336,11053.14928,dengue virus type I D1/TAN/92/DAR/2019,Dengue virus,2023-04-19T00:00:00Z,OM920351,1485,2019-07-05,Tanzania,Africa,Homo sapiens,Human,1485,dengue virus type 1,Unassigned,2019-07-05
337,11053.14929,dengue virus type I D1/TAN/88/DAR/2019,Dengue virus,2023-04-19T00:00:00Z,OM920352,1485,2019-07-05,Tanzania,Africa,Homo sapiens,Human,1485,dengue virus type 1,Unassigned,2019-07-05
338,11053.1493,dengue virus type I D1/TAN/87/DAR/2019,Dengue virus,2023-04-19T00:00:00Z,OM920353,1485,2019-07-05,Tanzania,Africa,Homo sapiens,Human,1485,dengue virus type 1,Unassigned,2019-07-05
339,11053.14931,dengue virus type I D1/TAN/86/DAR/2019,Dengue virus,2023-04-19T00:00:00Z,OM920354,1485,2019-07-05,Tanzania,Africa,Homo sapiens,Human,1485,dengue virus type 1,Unassigned,2019-07-05
340,11053.14932,dengue virus type I D1/TAN/85/DAR/2019,Dengue virus,2023-04-19T00:00:00Z,OM920355,1485,2019-07-05,Tanzania,Africa,Homo sapiens,Human,1485,dengue virus type 1,Unassigned,2019-07-05
341,11053.14933,dengue virus type I D1/TAN/84/DAR/2019,Dengue virus,2023-04-19T00:00:00Z,OM920356,1485,2019-07-05,Tanzania,Africa,Homo sapiens,Human,1485,dengue virus type 1,Unassigned,2019-07-05
342,11053.14934,dengue virus type I D1/TAN/82/TA/2019,Dengue virus,2023-04-19T00:00:00Z,OM920357,1485,2019-09-07,Tanzania,Africa,Homo sapiens,Human,1485,dengue virus type 1,Unassigned,2019-09-07
343,11053.14935,dengue virus type I D1/TAN/81/TA/2019,Dengue virus,2023-04-19T00:00:00Z,OM920358,1485,2019-09-07,Tanzania,Africa,Homo sapiens,Human,1485,dengue virus type 1,Unassigned,2019-09-07
344,11053.14936,dengue virus type I D1/TAN/80/TA/2019,Dengue virus,2023-04-19T00:00:00Z,OM920359,1485,2019-09-07,Tanzania,Africa,Homo sapiens,Human,1485,dengue virus type 1,Unassigned,2019-09-07
345,11053.14937,dengue virus type I D1/TAN/75/TA/2019,Dengue virus,2023-04-19T00:00:00Z,OM920360,1485,2019-09-07,Tanzania,Africa,Homo sapiens,Human,1485,dengue virus type 1,Unassigned,2019-09-07
346,11053.14938,dengue virus type I D1/TAN/74/TA/2019,Dengue virus,2023-04-19T00:00:00Z,OM920361,1485,2019-09-07,Tanzania,Africa,Homo sapiens,Human,1485,dengue virus type 1,Unassigned,2019-09-07
347,11053.14939,dengue virus type I D1/TAN/73/TA/2019,Dengue virus,2023-04-19T00:00:00Z,OM920362,1485,2019-06-13,Tanzania,Africa,Homo sapiens,Human,1485,dengue virus type 1,Unassigned,2019-06-13
348,11053.1494,dengue virus type I D1/TAN/72/TA/2019,Dengue virus,2023-04-19T00:00:00Z,OM920363,1485,2019-06-13,Tanzania,Africa,Homo sapiens,Human,1485,dengue virus type 1,Unassigned,2019-06-13
349,11053.14941,dengue virus type I D1/TAN/67/TA/2019,Dengue virus,2023-04-19T00:00:00Z,OM920364,1485,2019-06-13,Tanzania,Africa,Homo sapiens,Human,1485,dengue virus type 1,Unassigned,2019-06-13
350,11053.14942,dengue virus type I D1/TAN/66/TA/2019,Dengue virus,2023-04-19T00:00:00Z,OM920365,1485,2019-06-13,Tanzania,Africa,Homo sapiens,Human,1485,dengue virus type 1,Unassigned,2019-06-13
351,11053.14943,dengue virus type I D1/TAN/65/TA/2019,Dengue virus,2023-04-19T00:00:00Z,OM920366,1485,2019-06-13,Tanzania,Africa,Homo sapiens,Human,1485,dengue virus type 1,Unassigned,2019-06-13
352,11053.14944,dengue virus type I D1/TAN/64/TA/2019,Dengue virus,2023-04-19T00:00:00Z,OM920367,1485,2019-06-13,Tanzania,Africa,Homo sapiens,Human,1485,dengue virus type 1,Unassigned,2019-06-13
353,11053.14945,dengue virus type I D1/TAN/63/TA/2019,Dengue virus,2023-04-19T00:00:00Z,OM920368,1485,2019-06-13,Tanzania,Africa,Homo sapiens,Human,1485,dengue virus type 1,Unassigned,2019-06-13
354,11053.14946,dengue virus type I D1/TAN/62/TA/2019,Dengue virus,2023-04-19T00:00:00Z,OM920369,1485,2019-05-30,Tanzania,Africa,Homo sapiens,Human,1485,dengue virus type 1,Unassigned,2019-05-30
355,11053.14947,dengue virus type I D1/TAN/60/TA/2019,Dengue virus,2023-04-19T00:00:00Z,OM920370,1485,2019-05-30,Tanzania,Africa,Homo sapiens,Human,1485,dengue virus type 1,Unassigned,2019-05-30
356,11053.14948,dengue virus type I D1/TAN/58/TA/2019,Dengue virus,2023-04-19T00:00:00Z,OM920371,1485,2019-05-30,Tanzania,Africa,Homo sapiens,Human,1485,dengue virus type 1,Unassigned,2019-05-30
357,11053.14949,dengue virus type I D1/TAN/52/TA/2019,Dengue virus,2023-04-19T00:00:00Z,OM920375,1485,2019-05-30,Tanzania,Africa,Homo sapiens,Human,1485,dengue virus type 1,Unassigned,2019-05-30
358,11053.1495,dengue virus type I D1/TAN/51/TA/2019,Dengue virus,2023-04-19T00:00:00Z,OM920376,1485,2019-05-30,Tanzania,Africa,Homo sapiens,Human,1485,dengue virus type 1,Unassigned,2019-05-30
359,11053.14951,dengue virus type I D1/TAN/50/TA/2019,Dengue virus,2023-04-19T00:00:00Z,OM920377,1485,2019-05-30,Tanzania,Africa,Homo sapiens,Human,1485,dengue virus type 1,Unassigned,2019-05-30
360,11053.14952,dengue virus type I D1/TAN/49/TA/2019,Dengue virus,2023-04-19T00:00:00Z,OM920378,1485,2019-05-30,Tanzania,Africa,Homo sapiens,Human,1485,dengue virus type 1,Unassigned,2019-05-30
361,11053.14953,dengue virus type I D1/TAN/55/TA/2019,Dengue virus,2023-04-19T00:00:00Z,OM920373,1485,2019-05-30,Tanzania,Africa,Homo sapiens,Human,1485,dengue virus type 1,Unassigned,2019-05-30
362,11053.14955,dengue virus type I D1/TAN/48/TA/2019,Dengue virus,2023-04-19T00:00:00Z,OM920379,1485,2019-06-13,Tanzania,Africa,Homo sapiens,Human,1485,dengue virus type 1,Unassigned,2019-06-13
363,11053.14956,dengue virus type I D1/TAN/46/TA/2019,Dengue virus,2023-04-19T00:00:00Z,OM920380,1485,2019-06-13,Tanzania,Africa,Homo sapiens,Human,1485,dengue virus type 1,Unassigned,2019-06-13
364,11053.14957,dengue virus type I D1/TAN/45/TA/2019,Dengue virus,2023-04-19T00:00:00Z,OM920381,1485,2019-05-30,Tanzania,Africa,Homo sapiens,Human,1485,dengue virus type 1,Unassigned,2019-05-30
365,11053.14958,dengue virus type I D1/TAN/44/TA/2019,Dengue virus,2023-04-19T00:00:00Z,OM920382,1485,2019-05-30,Tanzania,Africa,Homo sapiens,Human,1485,dengue virus type 1,Unassigned,2019-05-30
366,11053.14959,dengue virus type I D1/TAN/43/DAR/2019,Dengue virus,2023-04-19T00:00:00Z,OM920383,1485,2019-03-29,Tanzania,Africa,Homo sapiens,Human,1485,dengue virus type 1,Unassigned,2019-03-29
367,11053.1496,dengue virus type I D1/TAN/42/DAR/2019,Dengue virus,2023-04-19T00:00:00Z,OM920384,1485,2019-03-29,Tanzania,Africa,Homo sapiens,Human,1485,dengue virus type 1,Unassigned,2019-03-29
368,11053.14961,dengue virus type I D1/TAN/41/DAR/2019,Dengue virus,2023-04-19T00:00:00Z,OM920385,1485,2019-03-28,Tanzania,Africa,Homo sapiens,Human,1485,dengue virus type 1,Unassigned,2019-03-28
369,11053.14962,dengue virus type I D1/TAN/40/DAR/2019,Dengue virus,2023-04-19T00:00:00Z,OM920386,1485,2019-03-28,Tanzania,Africa,Homo sapiens,Human,1485,dengue virus type 1,Unassigned,2019-03-28
370,11053.14963,dengue virus type I D1/TAN/39/DAR/2019,Dengue virus,2023-04-19T00:00:00Z,OM920387,1485,2019-03-27,Tanzania,Africa,Homo sapiens,Human,1485,dengue virus type 1,Unassigned,2019-03-27
371,11053.14964,dengue virus type I D1/TAN/37/DAR/2019,Dengue virus,2023-04-19T00:00:00Z,OM920388,1485,2019-03-26,Tanzania,Africa,Homo sapiens,Human,1485,dengue virus type 1,Unassigned,2019-03-26
372,11053.14965,dengue virus type I D1/TAN/36/DAR/2019,Dengue virus,2023-04-19T00:00:00Z,OM920389,1485,2019-03-25,Tanzania,Africa,Homo sapiens,Human,1485,dengue virus type 1,Unassigned,2019-03-25
373,11053.14966,dengue virus type I D1/TAN/35/DAR/2019,Dengue virus,2023-04-19T00:00:00Z,OM920390,1485,2019-03-25,Tanzania,Africa,Homo sapiens,Human,1485,dengue virus type 1,Unassigned,2019-03-25
374,11053.14967,dengue virus type I D1/TAN/31/DAR/2019,Dengue virus,2023-04-19T00:00:00Z,OM920391,1485,2019-03-22,Tanzania,Africa,Homo sapiens,Human,1485,dengue virus type 1,Unassigned,2019-03-22
375,11053.14968,dengue virus type I D1/TAN/33/DAR/2019,Dengue virus,2023-04-19T00:00:00Z,OM920392,1485,2019-03-25,Tanzania,Africa,Homo sapiens,Human,1485,dengue virus type 1,Unassigned,2019-03-25
376,11053.14969,dengue virus type I D1/TAN/30/TA/2019,Dengue virus,2023-04-19T00:00:00Z,OM920393,1485,2019-05-03,Tanzania,Africa,Homo sapiens,Human,1485,dengue virus type 1,Unassigned,2019-05-03
377,11053.1497,dengue virus type I D1/TAN/29/TA/2019,Dengue virus,2023-04-19T00:00:00Z,OM920394,1485,2019-04-03,Tanzania,Africa,Homo sapiens,Human,1485,dengue virus type 1,Unassigned,2019-04-03
378,11053.14971,dengue virus type I D1/TAN/28/TA/2019,Dengue virus,2023-04-19T00:00:00Z,OM920395,1485,2019-01-15,Tanzania,Africa,Homo sapiens,Human,1485,dengue virus type 1,Unassigned,2019-01-15
379,11053.14972,dengue virus type I D1/TAN/53/TA/2019,Dengue virus,2023-04-19T00:00:00Z,OM920374,1485,2019-05-30,Tanzania,Africa,Homo sapiens,Human,1485,dengue virus type 1,Unassigned,2019-05-30
380,11053.14973,dengue virus type I D1/TAN/26/TA/2019,Dengue virus,2023-04-19T00:00:00Z,OM920396,1485,2019-01-29,Tanzania,Africa,Homo sapiens,Human,1485,dengue virus type 1,Unassigned,2019-01-29
381,11053.14974,dengue virus type I D1/TAN/25/TA/2019,Dengue virus,2023-04-19T00:00:00Z,OM920397,1485,2019-01-24,Tanzania,Africa,Homo sapiens,Human,1485,dengue virus type 1,Unassigned,2019-01-24
382,11053.14975,dengue virus type I D1/TAN/24/TA/2019,Dengue virus,2023-04-19T00:00:00Z,OM920398,1485,2019-01-27,Tanzania,Africa,Homo sapiens,Human,1485,dengue virus type 1,Unassigned,2019-01-27
383,11053.14976,dengue virus type I D1/TAN/20/TA/2019,Dengue virus,2023-04-19T00:00:00Z,OM920399,1485,2019-02-15,Tanzania,Africa,Homo sapiens,Human,1485,dengue virus type 1,Unassigned,2019-02-15
384,11053.14977,dengue virus type I D1/TAN/56/TA/2019,Dengue virus,2023-04-19T00:00:00Z,OM920372,1485,2019-05-30,Tanzania,Africa,Homo sapiens,Human,1485,dengue virus type 1,Unassigned,2019-05-30
385,11053.14978,dengue virus type I D1/TAN/19/TA/2019,Dengue virus,2023-04-19T00:00:00Z,OM920400,1485,2019-02-15,Tanzania,Africa,Homo sapiens,Human,1485,dengue virus type 1,Unassigned,2019-02-15
386,11053.14979,dengue virus type I D1/TAN/18/DAR/2019,Dengue virus,2023-04-19T00:00:00Z,OM920401,1485,2019-03-22,Tanzania,Africa,Homo sapiens,Human,1485,dengue virus type 1,Unassigned,2019-03-22
387,11053.1498,dengue virus type I D1/TAN/16/DAR/2019,Dengue virus,2023-04-19T00:00:00Z,OM920402,1485,2019-03-19,Tanzania,Africa,Homo sapiens,Human,1485,dengue virus type 1,Unassigned,2019-03-19
388,11053.14981,dengue virus type I D1/TAN/14/DAR/2019,Dengue virus,2023-04-19T00:00:00Z,OM920403,1485,2019-03-15,Tanzania,Africa,Homo sapiens,Human,1485,dengue virus type 1,Unassigned,2019-03-15
389,11053.14982,dengue virus type I D1/TAN/13/DAR/2019,Dengue virus,2023-04-19T00:00:00Z,OM920404,1485,2019-03-11,Tanzania,Africa,Homo sapiens,Human,1485,dengue virus type 1,Unassigned,2019-03-11
390,11053.14983,dengue virus type I D1/TAN/04/DAR/2019,Dengue virus,2023-04-19T00:00:00Z,OM920405,1485,2019-02-11,Tanzania,Africa,Homo sapiens,Human,1485,dengue virus type 1,Unassigned,2019-02-11
391,11053.14984,dengue virus type I D1/TAN/03/DAR/2019,Dengue virus,2023-04-19T00:00:00Z,OM920406,1485,2019-02-11,Tanzania,Africa,Homo sapiens,Human,1485,dengue virus type 1,Unassigned,2019-02-11
392,11053.14985,dengue virus type I D1/TAN/02/DAR/2019,Dengue virus,2023-04-19T00:00:00Z,OM920407,1485,2019-01-19,Tanzania,Africa,Homo sapiens,Human,1485,dengue virus type 1,Unassigned,2019-01-19
393,11053.14986,dengue virus type I D1/TAN/702/KIL/2019,Dengue virus,2023-04-19T00:00:00Z,OM920408,1485,2019-05-28,Tanzania,Africa,Homo sapiens,Human,1485,dengue virus type 1,Unassigned,2019-05-28
394,11053.14987,dengue virus type I D1/TAN/699/KIL/2019,Dengue virus,2023-04-19T00:00:00Z,OM920409,1485,2019-05-23,Tanzania,Africa,Homo sapiens,Human,1485,dengue virus type 1,Unassigned,2019-05-23
395,11053.14988,dengue virus type I D1/TAN/693/DAR/2019,Dengue virus,2023-04-19T00:00:00Z,OM920410,1485,2019-05-08,Tanzania,Africa,Homo sapiens,Human,1485,dengue virus type 1,Unassigned,2019-05-08
396,11053.14989,dengue virus type I D1/TAN/689/DAR/2019,Dengue virus,2023-04-19T00:00:00Z,OM920411,1485,2019-06-17,Tanzania,Africa,Homo sapiens,Human,1485,dengue virus type 1,Unassigned,2019-06-17
397,11053.1499,dengue virus type I D1/TAN/227/DAR/2019,Dengue virus,2023-04-19T00:00:00Z,OM920412,1485,2019-05-17,Tanzania,Africa,Homo sapiens,Human,1485,dengue virus type 1,Unassigned,2019-05-17
398,11053.14991,dengue virus type I D1/TAN/196/DAR/2019,Dengue virus,2023-04-19T00:00:00Z,OM920413,1485,2019-06-05,Tanzania,Africa,Homo sapiens,Human,1485,dengue virus type 1,Unassigned,2019-06-05
399,11053.14992,dengue virus type I D1/TAN/195/DAR/2019,Dengue virus,2023-04-19T00:00:00Z,OM920414,1485,2019-06-05,Tanzania,Africa,Homo sapiens,Human,1485,dengue virus type 1,Unassigned,2019-06-05
400,11053.14993,dengue virus type I D1/TAN/01/DAR/2019,Dengue virus,2023-04-19T00:00:00Z,OM920415,1485,2019-01-12,Tanzania,Africa,Homo sapiens,Human,1485,dengue virus type 1,Unassigned,2019-01-12
401,11053.1685,Dengue virus 1 RIO H 36589,Dengue virus,2016-07-24T00:00:00Z,AF425610,1485,,Angola,Africa,Homo sapiens,Human,1485,dengue virus type 1,Genotype V,
402,11053.1714,Dengue virus 1 IBH 28328,Dengue virus,2016-07-24T00:00:00Z,AF425625,1485,,Nigeria,Africa,Homo sapiens,Human,1485,dengue virus type 1,Unassigned,
403,11053.1746,Dengue virus 1,Dengue virus,2016-07-25T00:00:00Z,AF426111,1044,,Angola,Africa,Homo sapiens,Human,1044,dengue virus type 1,Genotype V,
404,11053.1772,Dengue virus 1,Dengue virus,2016-07-25T00:00:00Z,AF426124,1044,,Nigeria,Africa,Homo sapiens,Human,1044,dengue virus type 1,Related to but not part of DENV-1 Genotype V,
405,11053.18,Dengue virus 1,Dengue virus,2020-11-17T00:00:00Z,MW243050,10646,2017-10-30,Burkina Faso,Africa,Homo sapiens,Human,10646,dengue virus type 1,Unassigned,2017-10-30
406,11053.208,Dengue virus 1,Dengue virus,2013-07-23T00:00:00Z,KC848576,1485,2011-01-01,Somalia,Africa,C6/36,Lab host,1485,dengue virus type 1,Genotype I,2011-01-01
407,11053.209,Dengue virus 1,Dengue virus,2013-07-23T00:00:00Z,KC848577,1485,2011-01-01,Somalia,Africa,C6/36,Lab host,1485,dengue virus type 1,Genotype I,2011-01-01
408,11053.21,Dengue virus 1,Dengue virus,2013-07-23T00:00:00Z,KC848578,1485,2011-01-01,Somalia,Africa,C6/36,Lab host,1485,dengue virus type 1,Genotype I,2011-01-01
409,11053.211,Dengue virus 1,Dengue virus,2013-07-23T00:00:00Z,KC848579,1485,2011-01-01,Somalia,Africa,C6/36,Lab host,1485,dengue virus type 1,Genotype I,2011-01-01
410,11053.212,Dengue virus 1,Dengue virus,2013-07-23T00:00:00Z,KC848580,1485,2011-01-01,Somalia,Africa,C6/36,Lab host,1485,dengue virus type 1,Genotype I,2011-01-01
411,11053.22,Dengue virus 1,Dengue virus,2020-11-17T00:00:00Z,MW243062,10646,2019-09-18,Senegal,Africa,Homo sapiens,Human,10646,dengue virus type 1,Unassigned,2019-09-18
412,11053.23,Dengue virus 1,Dengue virus,2020-11-17T00:00:00Z,MW243063,10646,2015-10-22,Mauritania,Africa,Homo sapiens,Human,10646,dengue virus type 1,Unassigned,2015-10-22
413,11053.25,Dengue virus 1,Dengue virus,2020-11-29T00:00:00Z,MW288032,10693,2018-11-01,Senegal,Africa,Homo sapiens,Human,10693,dengue virus type 1,Unassigned,2018-11-01
414,11053.2574,Dengue virus 1,Dengue virus,2016-07-26T00:00:00Z,DQ285549,1485,2004-01-01,Reunion,Africa,Homo sapiens,Human,1485,dengue virus type 1,Genotype IV,2004-01-01
415,11053.2575,Dengue virus 1,Dengue virus,2016-07-26T00:00:00Z,DQ285551,1485,2004-01-01,Reunion,Africa,Homo sapiens,Human,1485,dengue virus type 1,Genotype IV,2004-01-01
416,11053.2576,Dengue virus 1,Dengue virus,2016-07-26T00:00:00Z,DQ285552,1485,2004-01-01,Reunion,Africa,Homo sapiens,Human,1485,dengue virus type 1,Genotype IV,2004-01-01
417,11053.2577,Dengue virus 1,Dengue virus,2016-07-26T00:00:00Z,DQ285553,1485,2004-01-01,Reunion,Africa,Homo sapiens,Human,1485,dengue virus type 1,Genotype IV,2004-01-01
418,11053.2578,Dengue virus 1,Dengue virus,2016-07-26T00:00:00Z,DQ285554,1485,2004-01-01,Reunion,Africa,Homo sapiens,Human,1485,dengue virus type 1,Genotype V,2004-01-01
419,11053.2579,Dengue virus 1,Dengue virus,2016-07-26T00:00:00Z,DQ285557,1485,2004-01-01,Seychelles,Africa,Homo sapiens,Human,1485,dengue virus type 1,Genotype IV,2004-01-01
420,11053.258,Dengue virus 1,Dengue virus,2006-12-01T00:00:00Z,DQ285558,10689,2004-01-01,Reunion,Africa,Homo sapiens,Human,10689,dengue virus type 1,Genotype IV,2004-01-01
421,11053.2581,Dengue virus 1,Dengue virus,2006-12-01T00:00:00Z,DQ285559,10717,2004-01-01,Reunion,Africa,Homo sapiens,Human,10717,dengue virus type 1,Genotype V,2004-01-01
422,11053.2582,Dengue virus 1,Dengue virus,2006-12-01T00:00:00Z,DQ285560,10696,2004-01-01,Reunion,Africa,Homo sapiens,Human,10696,dengue virus type 1,Genotype IV,2004-01-01
423,11053.2583,Dengue virus 1,Dengue virus,2006-12-01T00:00:00Z,DQ285561,10662,2004-01-01,Seychelles,Africa,Homo sapiens,Human,10662,dengue virus type 1,Genotype IV,2004-01-01
424,11053.2584,Dengue virus 1,Dengue virus,2006-12-01T00:00:00Z,DQ285562,10721,1993-01-01,Comoros,Africa,Homo sapiens,Human,10721,dengue virus type 1,Unassigned,1993-01-01
425,11053.26,Dengue virus 1,Dengue virus,2020-11-29T00:00:00Z,MW288036,10683,2018-11-01,Senegal,Africa,Homo sapiens,Human,10683,dengue virus type 1,Unassigned,2018-11-01
426,11053.3879,Dengue virus 1 D1/Madagascar/0602aTw,Dengue virus,2016-07-26T00:00:00Z,EU448412,1485,2006-01-01,Madagascar,Africa,,,1485,dengue virus type 1,Genotype IV,2006-01-01
427,11053.396,Dengue virus 1 DENV1-2522,Dengue virus,2017-01-25T00:00:00Z,KU509258,10377,2010-01-01,Eritrea,Africa,Homo sapiens,Human,10377,dengue virus type 1,Genotype I,2010-01-01
428,11053.3989,Dengue virus 1 AO/DB132/2013,Dengue virus,2014-11-23T00:00:00Z,KM277610,1485,2013-01-01,Angola,Africa,Homo sapiens,Human,1485,dengue virus type 1,Unassigned,2013-01-01
429,11053.399,Dengue virus 1 AO/DB133/2013,Dengue virus,2014-11-23T00:00:00Z,KM277611,1485,2013-01-01,Angola,Africa,Homo sapiens,Human,1485,dengue virus type 1,Unassigned,2013-01-01
430,11053.3991,Dengue virus 1 AO/DB134/2013,Dengue virus,2014-11-23T00:00:00Z,KM277612,1485,2013-01-01,Angola,Africa,Homo sapiens,Human,1485,dengue virus type 1,Unassigned,2013-01-01
431,11053.4863,Dengue virus 1 GA29-40,Dengue virus,2013-11-27T00:00:00Z,JX080292,472,2010-01-01,Gabon,Africa,Homo sapiens,Human,472,dengue virus type 1,Unassigned,2010-01-01
432,11053.4864,Dengue virus 1 GA63AG,Dengue virus,2013-11-27T00:00:00Z,JX080293,472,2009-01-01,Gabon,Africa,Homo sapiens,Human,472,dengue virus type 1,Unassigned,2009-01-01
433,11053.499,Dengue virus 1 2019/BJ/9943,Dengue virus,2019-12-16T00:00:00Z,MN600714,10646,2019-02-28,Benin,Africa,C6/36,Lab host,10646,dengue virus type 1,Unassigned,2019-02-28
434,11053.6746,Dengue virus 1 CFA193,Dengue virus,2020-07-14T00:00:00Z,MT076932,10735,2014-07-01,Kenya,Africa,Homo sapiens,Human,10735,dengue virus type 1,Genotype II,2014-07-01
435,11053.6747,Dengue virus 1 CFA201,Dengue virus,2020-07-14T00:00:00Z,MT076933,10735,2014-07-01,Kenya,Africa,Homo sapiens,Human,10735,dengue virus type 1,Genotype II,2014-07-01
436,11053.6748,Dengue virus 1 CFA346,Dengue virus,2020-07-14T00:00:00Z,MT076934,10735,2015-03-01,Kenya,Africa,Homo sapiens,Human,10735,dengue virus type 1,Genotype II,2015-03-01
437,11053.6749,Dengue virus 1 CFA348,Dengue virus,2020-07-14T00:00:00Z,MT076935,10735,2015-03-01,Kenya,Africa,Homo sapiens,Human,10735,dengue virus type 1,Genotype II,2015-03-01
438,11053.675,Dengue virus 1 MFA1021,Dengue virus,2020-07-14T00:00:00Z,MT076936,3402,2015-12-01,Kenya,Africa,Homo sapiens,Human,3402,dengue virus type 1,Genotype II,2015-12-01
439,11053.6963,Dengue virus 1 SH273755,Dengue virus,2019-11-21T00:00:00Z,MK940790,245,2015-12-01,Senegal,Africa,C6/36,Lab host,245,dengue virus type 1,Genotype III,2015-12-01
440,11053.6966,Dengue virus 1 SH273756,Dengue virus,2019-11-21T00:00:00Z,MK940791,245,2015-12-01,Senegal,Africa,C6/36,Lab host,245,dengue virus type 1,Genotype III,2015-12-01
441,11053.7063,Dengue virus 1 IP121,Dengue virus,2020-04-05T00:00:00Z,MT261951,10705,2017-10-23,Burkina Faso,Africa,Homo sapiens,Human,10705,dengue virus type 1,Unassigned,2017-10-23
442,11053.7064,Dengue virus 1 IP159,Dengue virus,2020-04-05T00:00:00Z,MT261952,10659,2017-11-09,Burkina Faso,Africa,Homo sapiens,Human,10659,dengue virus type 1,Unassigned,2017-11-09
443,11053.7066,Dengue virus 1 IP242,Dengue virus,2020-04-05T00:00:00Z,MT261953,10690,2017-10-09,Burkina Faso,Africa,Homo sapiens,Human,10690,dengue virus type 1,Unassigned,2017-10-09
444,11053.7067,Dengue virus 1 IP314,Dengue virus,2020-04-05T00:00:00Z,MT261954,10701,2017-11-02,Burkina Faso,Africa,Homo sapiens,Human,10701,dengue virus type 1,Unassigned,2017-11-02
445,11053.7071,Dengue virus 1 IP387,Dengue virus,2020-04-05T00:00:00Z,MT261955,10577,2017-12-12,Burkina Faso,Africa,Homo sapiens,Human,10577,dengue virus type 1,Unassigned,2017-12-12
448,11053.79,Dengue virus 1,Dengue virus,2013-09-24T00:00:00Z,KF184975,10602,2013-04-01,Angola,Africa,Homo sapiens,Human,10602,dengue virus type 1,Unassigned,2013-04-01
449,11053.922,Dengue virus 1 Gabon2012,Dengue virus,2018-09-04T00:00:00Z,MG877557,10751,2012-01-01,Gabon,Africa,Homo sapiens,Human,10751,dengue virus type 1,Unassigned,2012-01-01
844,12637.1231,Dengue virus CY 436 D1 606,Dengue virus,2016-07-26T00:00:00Z,EU073979,232,,Djibouti,Africa,,,232,dengue virus type 1,Genotype I,
853,12637.3127,Dengue virus LT.93,Dengue virus,2019-08-31T00:00:00Z,MH802053,211,2017-04-13,Cameroon,Africa,Homo-sapiens,Human,211,dengue virus type 1,Unassigned,2017-04-13
854,12637.3128,Dengue virus LT.88,Dengue virus,2019-08-31T00:00:00Z,MH802054,211,2017-04-12,Cameroon,Africa,Homo-sapiens,Human,211,dengue virus type 1,Unassigned,2017-04-12
855,12637.3129,Dengue virus LT.75,Dengue virus,2019-08-31T00:00:00Z,MH802055,211,2017-04-11,Cameroon,Africa,Homo-sapiens,Human,211,dengue virus type 1,Unassigned,2017-04-11
856,12637.313,Dengue virus LT.81,Dengue virus,2019-08-31T00:00:00Z,MH802056,211,2017-04-11,Cameroon,Africa,Homo-sapiens,Human,211,dengue virus type 1,Unassigned,2017-04-11
857,12637.3131,Dengue virus LT.71,Dengue virus,2019-08-31T00:00:00Z,MH802057,209,2017-04-11,Cameroon,Africa,Homo-sapiens,Human,209,dengue virus type 1,Unassigned,2017-04-11
858,12637.3484,Dengue virus 0790513,Dengue virus,2017-09-30T00:00:00Z,KX812500,288,2013-05-01,Kenya,Africa,Homo sapiens,Human,288,dengue virus type 1,Genotype I,2013-05-01
859,12637.3485,Dengue virus 0770413,Dengue virus,2017-09-30T00:00:00Z,KX812501,243,2013-04-01,Kenya,Africa,Homo sapiens,Human,243,dengue virus type 1,Unassigned,2013-04-01
863,12637.3489,Dengue virus 2330513,Dengue virus,2017-09-30T00:00:00Z,KX812506,245,2013-05-01,Kenya,Africa,Homo sapiens,Human,245,dengue virus type 1,Genotype I,2013-05-01
874,12637.727,Dengue virus,Dengue virus,2016-07-26T00:00:00Z,DQ016638,306,,Kenya,Africa,Homo sapiens,Human,306,dengue virus type 1,Genotype I,
875,12637.733,Dengue virus,Dengue virus,2016-07-26T00:00:00Z,DQ016641,306,,Kenya,Africa,Homo sapiens,Human,306,dengue virus type 1,Genotype I,
